--Insert Tabel Penyedia Beasiswa
INSERT INTO PENYEDIA_BEASISWA (ID_PENYEDIA, NAMA_PENYEDIA, WEBSITE_PENYEDIA) VALUES
('PB1', 'Pemerintah Indonesia', 'https://www.indonesia.go.id');
INSERT INTO PENYEDIA_BEASISWA (ID_PENYEDIA, NAMA_PENYEDIA, WEBSITE_PENYEDIA) VALUES
('PB2', 'Pemerintah Malaysia', 'https://www.malaysia.gov.my');
INSERT INTO PENYEDIA_BEASISWA (ID_PENYEDIA, NAMA_PENYEDIA, WEBSITE_PENYEDIA) VALUES
('PB3', 'Pemerintah Singapura', 'https://www.gov.sg');
INSERT INTO PENYEDIA_BEASISWA (ID_PENYEDIA, NAMA_PENYEDIA, WEBSITE_PENYEDIA) VALUES
('PB4', 'Pemerintah Thailand', 'https://www.thaigov.go.th');
INSERT INTO PENYEDIA_BEASISWA (ID_PENYEDIA, NAMA_PENYEDIA, WEBSITE_PENYEDIA) VALUES
('PB5', 'Pemerintah Filipina', 'https://www.gov.ph');
INSERT INTO PENYEDIA_BEASISWA (ID_PENYEDIA, NAMA_PENYEDIA, WEBSITE_PENYEDIA) VALUES
('PB6', 'Pemerintah Vietnam', 'https://www.chinhphu.vn');
INSERT INTO PENYEDIA_BEASISWA (ID_PENYEDIA, NAMA_PENYEDIA, WEBSITE_PENYEDIA) VALUES
('PB7', 'Pemerintah Brunei', 'https://www.gov.bn');
INSERT INTO PENYEDIA_BEASISWA (ID_PENYEDIA, NAMA_PENYEDIA, WEBSITE_PENYEDIA) VALUES
('PB8', 'Pemerintah Kamboja', 'https://www.cambodia.gov.kh');
INSERT INTO PENYEDIA_BEASISWA (ID_PENYEDIA, NAMA_PENYEDIA, WEBSITE_PENYEDIA) VALUES
('PB9', 'Pemerintah Laos', 'https://www.laogov.gov.la');
INSERT INTO PENYEDIA_BEASISWA (ID_PENYEDIA, NAMA_PENYEDIA, WEBSITE_PENYEDIA) VALUES
('PB10', 'Pemerintah Myanmar', 'https://www.myanmar.gov.mm');
INSERT INTO PENYEDIA_BEASISWA (ID_PENYEDIA, NAMA_PENYEDIA, WEBSITE_PENYEDIA) VALUES
('PB11', 'Komunitas Edukasi Mandiri', 'https://www.edukasimandiri.org');
INSERT INTO PENYEDIA_BEASISWA (ID_PENYEDIA, NAMA_PENYEDIA, WEBSITE_PENYEDIA) VALUES
('PB12', 'Lembaga Pembinaan Pendidikan Nasional', 'https://www.lppn.go.id');
INSERT INTO PENYEDIA_BEASISWA (ID_PENYEDIA, NAMA_PENYEDIA, WEBSITE_PENYEDIA) VALUES
('PB13', 'Pusat Studi Pembangunan Pendidikan', 'https://www.psp.org');
INSERT INTO PENYEDIA_BEASISWA (ID_PENYEDIA, NAMA_PENYEDIA, WEBSITE_PENYEDIA) VALUES
('PB14', 'Yayasan Pemberdayaan Anak Bangsa', 'https://www.ypab.org');
INSERT INTO PENYEDIA_BEASISWA (ID_PENYEDIA, NAMA_PENYEDIA, WEBSITE_PENYEDIA) VALUES
('PB15', 'Lembaga Bimbingan Pendidikan Indonesia', 'https://www.lbpi.org');
INSERT INTO PENYEDIA_BEASISWA (ID_PENYEDIA, NAMA_PENYEDIA, WEBSITE_PENYEDIA) VALUES
('PB16', 'Pusat Pengembangan Pendidikan Profesional', 'https://www.p4.or.id');
INSERT INTO PENYEDIA_BEASISWA (ID_PENYEDIA, NAMA_PENYEDIA, WEBSITE_PENYEDIA) VALUES
('PB17', 'Yayasan Pengabdian Pendidikan Bangsa', 'https://www.yppb.org');
INSERT INTO PENYEDIA_BEASISWA (ID_PENYEDIA, NAMA_PENYEDIA, WEBSITE_PENYEDIA) VALUES
('PB18', 'Masyarakat Pendidikan Berdaya', 'https://www.mpberdaya.org');
INSERT INTO PENYEDIA_BEASISWA (ID_PENYEDIA, NAMA_PENYEDIA, WEBSITE_PENYEDIA) VALUES
('PB19', 'Pusat Informasi Pendidikan Indonesia', 'https://www.pipi.org');
INSERT INTO PENYEDIA_BEASISWA (ID_PENYEDIA, NAMA_PENYEDIA, WEBSITE_PENYEDIA) VALUES
('PB20', 'Yayasan Pemberi Harapan Bangsa', 'https://www.yp-hb.org');
INSERT INTO PENYEDIA_BEASISWA (ID_PENYEDIA, NAMA_PENYEDIA, WEBSITE_PENYEDIA) VALUES
('PB21', 'Lembaga Pendidikan Indonesia Maju', 'https://www.lpim.org');
INSERT INTO PENYEDIA_BEASISWA (ID_PENYEDIA, NAMA_PENYEDIA, WEBSITE_PENYEDIA) VALUES
('PB22', 'Pusat Riset Pendidikan Indonesia', 'https://www.pusrip.org');
INSERT INTO PENYEDIA_BEASISWA (ID_PENYEDIA, NAMA_PENYEDIA, WEBSITE_PENYEDIA) VALUES
('PB23', 'Yayasan Edukasi Mandiri', 'https://www.yem.or.id');
INSERT INTO PENYEDIA_BEASISWA (ID_PENYEDIA, NAMA_PENYEDIA, WEBSITE_PENYEDIA) VALUES
('PB24', 'Lembaga Inovasi Pendidikan Berkelanjutan', 'https://www.lipb.org');
INSERT INTO PENYEDIA_BEASISWA (ID_PENYEDIA, NAMA_PENYEDIA, WEBSITE_PENYEDIA) VALUES
('PB25', 'Pusat Kajian Pendidikan Indonesia', 'https://www.pkpi.org');
INSERT INTO PENYEDIA_BEASISWA (ID_PENYEDIA, NAMA_PENYEDIA, WEBSITE_PENYEDIA) VALUES
('PB26', 'Yayasan Cerdas Berkarya', 'https://www.cerdasberkarya.or.id');
INSERT INTO PENYEDIA_BEASISWA (ID_PENYEDIA, NAMA_PENYEDIA, WEBSITE_PENYEDIA) VALUES
('PB27', 'Masyarakat Peduli Pendidikan', 'https://www.mapp.or.id');
INSERT INTO PENYEDIA_BEASISWA (ID_PENYEDIA, NAMA_PENYEDIA, WEBSITE_PENYEDIA) VALUES
('PB28', 'Pusat Studi Kebijakan Pendidikan', 'https://www.pskp.org');
INSERT INTO PENYEDIA_BEASISWA (ID_PENYEDIA, NAMA_PENYEDIA, WEBSITE_PENYEDIA) VALUES
('PB29', 'Yayasan Pengembangan Pendidikan', 'https://www.ypp.or.id');
INSERT INTO PENYEDIA_BEASISWA (ID_PENYEDIA, NAMA_PENYEDIA, WEBSITE_PENYEDIA) VALUES
('PB30', 'Lembaga Bantuan Pendidikan Indonesia', 'https://www.lbpi.or.id');
INSERT INTO PENYEDIA_BEASISWA (ID_PENYEDIA, NAMA_PENYEDIA, WEBSITE_PENYEDIA) VALUES
('PB31', 'Pusat Informasi Pendidikan Mandiri', 'https://www.pipm.org');
INSERT INTO PENYEDIA_BEASISWA (ID_PENYEDIA, NAMA_PENYEDIA, WEBSITE_PENYEDIA) VALUES
('PB32', 'Yayasan Penelitian Pendidikan Bangsa', 'https://www.yppb.or.id');
INSERT INTO PENYEDIA_BEASISWA (ID_PENYEDIA, NAMA_PENYEDIA, WEBSITE_PENYEDIA) VALUES
('PB33', 'Lembaga Pendidikan Kreatif Indonesia', 'https://www.lpkri.org');
INSERT INTO PENYEDIA_BEASISWA (ID_PENYEDIA, NAMA_PENYEDIA, WEBSITE_PENYEDIA) VALUES
('PB34', 'Pusat Pendidikan Inklusif Indonesia', 'https://www.ppini.org');
INSERT INTO PENYEDIA_BEASISWA (ID_PENYEDIA, NAMA_PENYEDIA, WEBSITE_PENYEDIA) VALUES
('PB35', 'Yayasan Pendidikan Cerdas', 'https://www.ypc.or.id');
INSERT INTO PENYEDIA_BEASISWA (ID_PENYEDIA, NAMA_PENYEDIA, WEBSITE_PENYEDIA) VALUES
('PB36', 'Lembaga Pendidikan Kualitas Indonesia', 'https://www.lpki.or.id');
INSERT INTO PENYEDIA_BEASISWA (ID_PENYEDIA, NAMA_PENYEDIA, WEBSITE_PENYEDIA) VALUES
('PB37', 'Pusat Studi Pendidikan Terapan', 'https://www.pspet.org');
INSERT INTO PENYEDIA_BEASISWA (ID_PENYEDIA, NAMA_PENYEDIA, WEBSITE_PENYEDIA) VALUES
('PB38', 'Yayasan Pendidikan Sejahtera', 'https://www.yp-sejahtera.org');
INSERT INTO PENYEDIA_BEASISWA (ID_PENYEDIA, NAMA_PENYEDIA, WEBSITE_PENYEDIA) VALUES
('PB39', 'Lembaga Pendidikan Masa Depan', 'https://www.lpmdep.org');
INSERT INTO PENYEDIA_BEASISWA (ID_PENYEDIA, NAMA_PENYEDIA, WEBSITE_PENYEDIA) VALUES
('PB40', 'Pusat Informasi Pendidikan Nasional', 'https://www.pipn.org');
INSERT INTO PENYEDIA_BEASISWA (ID_PENYEDIA, NAMA_PENYEDIA, WEBSITE_PENYEDIA) VALUES
('PB41', 'Yayasan Pendidikan Anak Bangsa', 'https://www.ypab.or.id');
INSERT INTO PENYEDIA_BEASISWA (ID_PENYEDIA, NAMA_PENYEDIA, WEBSITE_PENYEDIA) VALUES
('PB42', 'Lembaga Pendidikan Mandiri', 'https://www.lpm.or.id');
INSERT INTO PENYEDIA_BEASISWA (ID_PENYEDIA, NAMA_PENYEDIA, WEBSITE_PENYEDIA) VALUES
('PB43', 'Pusat Pengembangan Pendidikan Nasional', 'https://www.pppn.org');
INSERT INTO PENYEDIA_BEASISWA (ID_PENYEDIA, NAMA_PENYEDIA, WEBSITE_PENYEDIA) VALUES
('PB44', 'Yayasan Edukasi Berkualitas', 'https://www.yeb.org');
INSERT INTO PENYEDIA_BEASISWA (ID_PENYEDIA, NAMA_PENYEDIA, WEBSITE_PENYEDIA) VALUES
('PB45', 'Lembaga Pendidikan Cerdas Bangsa', 'https://www.lpcb.org');
INSERT INTO PENYEDIA_BEASISWA (ID_PENYEDIA, NAMA_PENYEDIA, WEBSITE_PENYEDIA) VALUES
('PB46', 'Pusat Studi Pendidikan Indonesia', 'https://www.pspi.org');
INSERT INTO PENYEDIA_BEASISWA (ID_PENYEDIA, NAMA_PENYEDIA, WEBSITE_PENYEDIA) VALUES
('PB47', 'Yayasan Pendidikan Berkualitas Indonesia', 'https://www.ypbi.org');
INSERT INTO PENYEDIA_BEASISWA (ID_PENYEDIA, NAMA_PENYEDIA, WEBSITE_PENYEDIA) VALUES
('PB48', 'Lembaga Pendidikan Bina Bangsa', 'https://www.lpbb.org');
INSERT INTO PENYEDIA_BEASISWA (ID_PENYEDIA, NAMA_PENYEDIA, WEBSITE_PENYEDIA) VALUES
('PB49', 'Pusat Pendidikan Kreatif Anak Bangsa', 'https://www.ppka.or.id');
INSERT INTO PENYEDIA_BEASISWA (ID_PENYEDIA, NAMA_PENYEDIA, WEBSITE_PENYEDIA) VALUES
('PB50', 'Yayasan Pendidikan Bangsa Maju', 'https://www.ypbm.org');


--Insert Negara
-- Universitas di Indonesia
INSERT INTO NEGARA (ID_NEGARA, NAMA_NEGARA, BAHASA) VALUES
('NG1', 'Indonesia', 'Bahasa Indonesia');
INSERT INTO NEGARA (ID_NEGARA, NAMA_NEGARA, BAHASA) VALUES
('NG2', 'Malaysia', 'Bahasa Malaysia');
INSERT INTO NEGARA (ID_NEGARA, NAMA_NEGARA, BAHASA) VALUES
('NG3', 'Singapura', 'Bahasa Inggris');
INSERT INTO NEGARA (ID_NEGARA, NAMA_NEGARA, BAHASA) VALUES
('NG4', 'Thailand', 'Bahasa Thailand');
INSERT INTO NEGARA (ID_NEGARA, NAMA_NEGARA, BAHASA) VALUES
('NG5', 'Filipina', 'Filipino');
INSERT INTO NEGARA (ID_NEGARA, NAMA_NEGARA, BAHASA) VALUES
('NG6', 'Vietnam', 'Bahasa Vietnam');
INSERT INTO NEGARA (ID_NEGARA, NAMA_NEGARA, BAHASA) VALUES
('NG7', 'Brunei', 'Bahasa Melayu');
INSERT INTO NEGARA (ID_NEGARA, NAMA_NEGARA, BAHASA) VALUES
('NG8', 'Kamboja', 'Khmer');
INSERT INTO NEGARA (ID_NEGARA, NAMA_NEGARA, BAHASA) VALUES
('NG9', 'Laos', 'Bahasa Laos');
INSERT INTO NEGARA (ID_NEGARA, NAMA_NEGARA, BAHASA) VALUES
('NG10', 'Myanmar', 'Bahasa Myanmar');
INSERT INTO NEGARA (ID_NEGARA, NAMA_NEGARA, BAHASA) VALUES
('NG11', 'Jepang', 'Bahasa Jepang');
INSERT INTO NEGARA (ID_NEGARA, NAMA_NEGARA, BAHASA) VALUES
('NG12', 'Korea Selatan', 'Bahasa Korea');
INSERT INTO NEGARA (ID_NEGARA, NAMA_NEGARA, BAHASA) VALUES
('NG13', 'Tiongkok', 'Bahasa Tionghoa');
INSERT INTO NEGARA (ID_NEGARA, NAMA_NEGARA, BAHASA) VALUES
('NG14', 'India', 'Bahasa Hindi');
INSERT INTO NEGARA (ID_NEGARA, NAMA_NEGARA, BAHASA) VALUES
('NG15', 'Australia', 'Bahasa Inggris');
INSERT INTO NEGARA (ID_NEGARA, NAMA_NEGARA, BAHASA) VALUES
('NG16', 'Selandia Baru', 'Bahasa Inggris');
INSERT INTO NEGARA (ID_NEGARA, NAMA_NEGARA, BAHASA) VALUES
('NG17', 'Inggris', 'Bahasa Inggris');
INSERT INTO NEGARA (ID_NEGARA, NAMA_NEGARA, BAHASA) VALUES
('NG18', 'Kanada', 'Bahasa Inggris');
INSERT INTO NEGARA (ID_NEGARA, NAMA_NEGARA, BAHASA) VALUES
('NG19', 'Amerika Serikat', 'Bahasa Inggris');
INSERT INTO NEGARA (ID_NEGARA, NAMA_NEGARA, BAHASA) VALUES
('NG20', 'Jerman', 'Bahasa Jerman');


--Insert Tabel Perguruan Tinggi
--Perguruan Tinggi di Indonesia
INSERT INTO PERGURUAN_TINGGI (ID_PERGURUAN_TINGGI, ID_NEGARA, NAMA_PERGURUAN_TINGGI, WEBSITE_PERGURUAN_TINGGI) VALUES
('PT1', 'NG1', 'Universitas Gadjah Mada', 'https://www.ugm.ac.id/');
INSERT INTO PERGURUAN_TINGGI (ID_PERGURUAN_TINGGI, ID_NEGARA, NAMA_PERGURUAN_TINGGI, WEBSITE_PERGURUAN_TINGGI) VALUES
('PT2', 'NG1', 'Universitas Indonesia', 'https://www.ui.ac.id/');
INSERT INTO PERGURUAN_TINGGI (ID_PERGURUAN_TINGGI, ID_NEGARA, NAMA_PERGURUAN_TINGGI, WEBSITE_PERGURUAN_TINGGI) VALUES
('PT3', 'NG1', 'Institut Teknologi Bandung', 'https://www.itb.ac.id/');
INSERT INTO PERGURUAN_TINGGI (ID_PERGURUAN_TINGGI, ID_NEGARA, NAMA_PERGURUAN_TINGGI, WEBSITE_PERGURUAN_TINGGI) VALUES
('PT4', 'NG1', 'Institut Teknologi Sepuluh Nopember', 'https://www.its.ac.id/');
INSERT INTO PERGURUAN_TINGGI (ID_PERGURUAN_TINGGI, ID_NEGARA, NAMA_PERGURUAN_TINGGI, WEBSITE_PERGURUAN_TINGGI) VALUES
('PT5', 'NG1', 'Universitas Airlangga', 'https://www.unair.ac.id/');
INSERT INTO PERGURUAN_TINGGI (ID_PERGURUAN_TINGGI, ID_NEGARA, NAMA_PERGURUAN_TINGGI, WEBSITE_PERGURUAN_TINGGI) VALUES
('PT6', 'NG1', 'Universitas Diponegoro', 'https://undip.ac.id/');
INSERT INTO PERGURUAN_TINGGI (ID_PERGURUAN_TINGGI, ID_NEGARA, NAMA_PERGURUAN_TINGGI, WEBSITE_PERGURUAN_TINGGI) VALUES
('PT7', 'NG1', 'Universitas Negeri Semarang', 'https://www.unnes.ac.id/');
INSERT INTO PERGURUAN_TINGGI (ID_PERGURUAN_TINGGI, ID_NEGARA, NAMA_PERGURUAN_TINGGI, WEBSITE_PERGURUAN_TINGGI) VALUES
('PT8', 'NG1', 'Universitas Sebelas Maret', 'https://www.uns.ac.id/');
INSERT INTO PERGURUAN_TINGGI (ID_PERGURUAN_TINGGI, ID_NEGARA, NAMA_PERGURUAN_TINGGI, WEBSITE_PERGURUAN_TINGGI) VALUES
('PT9', 'NG1', 'Universitas Padjajaran', 'https://www.unpad.ac.id/');
INSERT INTO PERGURUAN_TINGGI (ID_PERGURUAN_TINGGI, ID_NEGARA, NAMA_PERGURUAN_TINGGI, WEBSITE_PERGURUAN_TINGGI) VALUES
('PT10', 'NG1', 'Universitas Jendral Soedirman', 'https://www.unsoed.ac.id/');

--Perguruan Tinggi di Malaysia
INSERT INTO PERGURUAN_TINGGI (ID_PERGURUAN_TINGGI, ID_NEGARA, NAMA_PERGURUAN_TINGGI, WEBSITE_PERGURUAN_TINGGI) VALUES
('PT11', 'NG2', 'Universiti Malaya', 'https://www.um.edu.my/');
INSERT INTO PERGURUAN_TINGGI (ID_PERGURUAN_TINGGI, ID_NEGARA, NAMA_PERGURUAN_TINGGI, WEBSITE_PERGURUAN_TINGGI) VALUES
('PT12', 'NG2', 'Universiti Teknologi Malaysia', 'https://www.utm.my/');

--Perguruan Tinggi di Singapura
INSERT INTO PERGURUAN_TINGGI (ID_PERGURUAN_TINGGI, ID_NEGARA, NAMA_PERGURUAN_TINGGI, WEBSITE_PERGURUAN_TINGGI) VALUES
('PT13', 'NG3', 'National University of Singapore', 'https://www.nus.edu.sg/');
INSERT INTO PERGURUAN_TINGGI (ID_PERGURUAN_TINGGI, ID_NEGARA, NAMA_PERGURUAN_TINGGI, WEBSITE_PERGURUAN_TINGGI) VALUES
('PT14', 'NG3', 'Nanyang Technological University', 'https://www.ntu.edu.sg/');

--Perguruan Tinggi di Thailand
INSERT INTO PERGURUAN_TINGGI (ID_PERGURUAN_TINGGI, ID_NEGARA, NAMA_PERGURUAN_TINGGI, WEBSITE_PERGURUAN_TINGGI) VALUES
('PT15', 'NG4', 'Chulalongkorn University', 'https://www.chula.ac.th/en/');
INSERT INTO PERGURUAN_TINGGI (ID_PERGURUAN_TINGGI, ID_NEGARA, NAMA_PERGURUAN_TINGGI, WEBSITE_PERGURUAN_TINGGI) VALUES
('PT16', 'NG4', 'Mahidol University', 'https://www.mahidol.ac.th/');

--Perguruan Tinggi di Filipina
INSERT INTO PERGURUAN_TINGGI (ID_PERGURUAN_TINGGI, ID_NEGARA, NAMA_PERGURUAN_TINGGI, WEBSITE_PERGURUAN_TINGGI) VALUES
('PT17', 'NG5', 'University of the Philippines Diliman', 'https://upd.edu.ph/');
INSERT INTO PERGURUAN_TINGGI (ID_PERGURUAN_TINGGI, ID_NEGARA, NAMA_PERGURUAN_TINGGI, WEBSITE_PERGURUAN_TINGGI) VALUES
('PT18', 'NG5', 'Ateneo de Manila University', 'https://www.ateneo.edu/');

-- Perguruan Tinggi di Vietnam
INSERT INTO PERGURUAN_TINGGI (ID_PERGURUAN_TINGGI, ID_NEGARA, NAMA_PERGURUAN_TINGGI, WEBSITE_PERGURUAN_TINGGI) VALUES
('PT19', 'NG6', 'Vietnam National University, Hanoi', 'https://www.vnu.edu.vn/en');
INSERT INTO PERGURUAN_TINGGI (ID_PERGURUAN_TINGGI, ID_NEGARA, NAMA_PERGURUAN_TINGGI, WEBSITE_PERGURUAN_TINGGI) VALUES
('PT20', 'NG6', 'Vietnam National University, Ho Chi Minh City', 'https://www.vnuhcm.edu.vn/');

-- Perguruan Tinggi di Brunei
INSERT INTO PERGURUAN_TINGGI (ID_PERGURUAN_TINGGI, ID_NEGARA, NAMA_PERGURUAN_TINGGI, WEBSITE_PERGURUAN_TINGGI) VALUES
('PT21', 'NG7', 'University of Brunei Darussalam', 'https://www.ubd.edu.bn/');
INSERT INTO PERGURUAN_TINGGI (ID_PERGURUAN_TINGGI, ID_NEGARA, NAMA_PERGURUAN_TINGGI, WEBSITE_PERGURUAN_TINGGI) VALUES
('PT22', 'NG7', 'Institut Teknologi Brunei', 'https://www.itb.edu.bn/');

-- Perguruan Tinggi di Kamboja
INSERT INTO PERGURUAN_TINGGI (ID_PERGURUAN_TINGGI, ID_NEGARA, NAMA_PERGURUAN_TINGGI, WEBSITE_PERGURUAN_TINGGI) VALUES
('PT23', 'NG8', 'Royal University of Phnom Penh', 'https://www.rupp.edu.kh/');
INSERT INTO PERGURUAN_TINGGI (ID_PERGURUAN_TINGGI, ID_NEGARA, NAMA_PERGURUAN_TINGGI, WEBSITE_PERGURUAN_TINGGI) VALUES
('PT24', 'NG8', 'Institute of Technology of Cambodia', 'https://www.itc.edu.kh/');

-- Perguruan Tinggi di Laos
INSERT INTO PERGURUAN_TINGGI (ID_PERGURUAN_TINGGI, ID_NEGARA, NAMA_PERGURUAN_TINGGI, WEBSITE_PERGURUAN_TINGGI) VALUES
('PT25', 'NG9', 'National University of Laos', 'http://www.nuol.edu.la/');
INSERT INTO PERGURUAN_TINGGI (ID_PERGURUAN_TINGGI, ID_NEGARA, NAMA_PERGURUAN_TINGGI, WEBSITE_PERGURUAN_TINGGI) VALUES
('PT26', 'NG9', 'Souphanouvong University', 'http://www.spu.edu.la/');

-- Perguruan Tinggi di Myanmar
INSERT INTO PERGURUAN_TINGGI (ID_PERGURUAN_TINGGI, ID_NEGARA, NAMA_PERGURUAN_TINGGI, WEBSITE_PERGURUAN_TINGGI) VALUES
('PT27', 'NG10', 'University of Yangon', 'http://www.yangonuniversity.com/');
INSERT INTO PERGURUAN_TINGGI (ID_PERGURUAN_TINGGI, ID_NEGARA, NAMA_PERGURUAN_TINGGI, WEBSITE_PERGURUAN_TINGGI) VALUES
('PT28', 'NG10', 'Mandalay University', 'http://www.umandalay.edu.mm/');

-- Perguruan Tinggi di Jepang
INSERT INTO PERGURUAN_TINGGI (ID_PERGURUAN_TINGGI, ID_NEGARA, NAMA_PERGURUAN_TINGGI, WEBSITE_PERGURUAN_TINGGI) VALUES
('PT29', 'NG11', 'The University of Tokyo', 'https://www.u-tokyo.ac.jp/en/');
INSERT INTO PERGURUAN_TINGGI (ID_PERGURUAN_TINGGI, ID_NEGARA, NAMA_PERGURUAN_TINGGI, WEBSITE_PERGURUAN_TINGGI) VALUES
('PT30', 'NG11', 'Kyoto University', 'https://www.kyoto-u.ac.jp/en/');

-- Perguruan Tinggi di Korea Selatan
INSERT INTO PERGURUAN_TINGGI (ID_PERGURUAN_TINGGI, ID_NEGARA, NAMA_PERGURUAN_TINGGI, WEBSITE_PERGURUAN_TINGGI) VALUES
('PT31', 'NG12', 'Seoul National University', 'https://www.snu.ac.kr/');
INSERT INTO PERGURUAN_TINGGI (ID_PERGURUAN_TINGGI, ID_NEGARA, NAMA_PERGURUAN_TINGGI, WEBSITE_PERGURUAN_TINGGI) VALUES
('PT32', 'NG12', 'Korea University', 'https://www.korea.edu/');

-- Perguruan Tinggi di Tiongkok
INSERT INTO PERGURUAN_TINGGI (ID_PERGURUAN_TINGGI, ID_NEGARA, NAMA_PERGURUAN_TINGGI, WEBSITE_PERGURUAN_TINGGI) VALUES
('PT33', 'NG13', 'Tsinghua University', 'https://www.tsinghua.edu.cn/en/index.htm');
INSERT INTO PERGURUAN_TINGGI (ID_PERGURUAN_TINGGI, ID_NEGARA, NAMA_PERGURUAN_TINGGI, WEBSITE_PERGURUAN_TINGGI) VALUES
('PT34', 'NG13', 'Peking University', 'https://www.pku.edu.cn/english/');

-- Perguruan Tinggi di India
INSERT INTO PERGURUAN_TINGGI (ID_PERGURUAN_TINGGI, ID_NEGARA, NAMA_PERGURUAN_TINGGI, WEBSITE_PERGURUAN_TINGGI) VALUES
('PT35', 'NG14', 'Indian Institute of Technology Bombay', 'https://www.iitb.ac.in/');
INSERT INTO PERGURUAN_TINGGI (ID_PERGURUAN_TINGGI, ID_NEGARA, NAMA_PERGURUAN_TINGGI, WEBSITE_PERGURUAN_TINGGI) VALUES
('PT36', 'NG14', 'Indian Institute of Science Bangalore', 'https://iisc.ac.in/');

-- Perguruan Tinggi di Australia
INSERT INTO PERGURUAN_TINGGI (ID_PERGURUAN_TINGGI, ID_NEGARA, NAMA_PERGURUAN_TINGGI, WEBSITE_PERGURUAN_TINGGI) VALUES
('PT37', 'NG15', 'The Australian National University', 'https://www.anu.edu.au/');
INSERT INTO PERGURUAN_TINGGI (ID_PERGURUAN_TINGGI, ID_NEGARA, NAMA_PERGURUAN_TINGGI, WEBSITE_PERGURUAN_TINGGI) VALUES
('PT38', 'NG15', 'The University of Melbourne', 'https://www.unimelb.edu.au/');

-- Perguruan Tinggi di Selandia Baru
INSERT INTO PERGURUAN_TINGGI (ID_PERGURUAN_TINGGI, ID_NEGARA, NAMA_PERGURUAN_TINGGI, WEBSITE_PERGURUAN_TINGGI) VALUES
('PT39', 'NG16', 'The University of Auckland', 'https://www.auckland.ac.nz/en.html');
INSERT INTO PERGURUAN_TINGGI (ID_PERGURUAN_TINGGI, ID_NEGARA, NAMA_PERGURUAN_TINGGI, WEBSITE_PERGURUAN_TINGGI) VALUES
('PT40', 'NG16', 'University of Otago', 'https://www.otago.ac.nz/');

-- Perguruan Tinggi di Inggris
INSERT INTO PERGURUAN_TINGGI (ID_PERGURUAN_TINGGI, ID_NEGARA, NAMA_PERGURUAN_TINGGI, WEBSITE_PERGURUAN_TINGGI) VALUES
('PT41', 'NG17', 'University of Oxford', 'https://www.ox.ac.uk/');
INSERT INTO PERGURUAN_TINGGI (ID_PERGURUAN_TINGGI, ID_NEGARA, NAMA_PERGURUAN_TINGGI, WEBSITE_PERGURUAN_TINGGI) VALUES
('PT42', 'NG17', 'University of Cambridge', 'https://www.cam.ac.uk/');

-- Perguruan Tinggi di Kanada
INSERT INTO PERGURUAN_TINGGI (ID_PERGURUAN_TINGGI, ID_NEGARA, NAMA_PERGURUAN_TINGGI, WEBSITE_PERGURUAN_TINGGI) VALUES
('PT43', 'NG18', 'University of Toronto', 'https://www.utoronto.ca/');
INSERT INTO PERGURUAN_TINGGI (ID_PERGURUAN_TINGGI, ID_NEGARA, NAMA_PERGURUAN_TINGGI, WEBSITE_PERGURUAN_TINGGI) VALUES
('PT44', 'NG18', 'McGill University', 'https://www.mcgill.ca/');

-- Perguruan Tinggi di Amerika Serikat
INSERT INTO PERGURUAN_TINGGI (ID_PERGURUAN_TINGGI, ID_NEGARA, NAMA_PERGURUAN_TINGGI, WEBSITE_PERGURUAN_TINGGI) VALUES
('PT45', 'NG19', 'Harvard University', 'https://www.harvard.edu/');
INSERT INTO PERGURUAN_TINGGI (ID_PERGURUAN_TINGGI, ID_NEGARA, NAMA_PERGURUAN_TINGGI, WEBSITE_PERGURUAN_TINGGI) VALUES
('PT46', 'NG19', 'Massachusetts Institute of Technology', 'https://www.mit.edu/');

-- Perguruan Tinggi di Jerman
INSERT INTO PERGURUAN_TINGGI (ID_PERGURUAN_TINGGI, ID_NEGARA, NAMA_PERGURUAN_TINGGI, WEBSITE_PERGURUAN_TINGGI) VALUES
('PT47', 'NG20', 'Technische Universität München', 'https://www.tum.de/');
INSERT INTO PERGURUAN_TINGGI (ID_PERGURUAN_TINGGI, ID_NEGARA, NAMA_PERGURUAN_TINGGI, WEBSITE_PERGURUAN_TINGGI) VALUES
('PT48', 'NG20', 'Ludwig-Maximilians-Universität München', 'https://www.en.uni-muenchen.de/index.html');



--Insert Tabel Jenjang
INSERT INTO JENJANG (ID_JENJANG, JENJANG_PENDIDIKAN, LAMA_PENDIDIKAN) VALUES ('JJ1', 'S1', 4);
INSERT INTO JENJANG (ID_JENJANG, JENJANG_PENDIDIKAN, LAMA_PENDIDIKAN) VALUES ('JJ2', 'D4', 4);
INSERT INTO JENJANG (ID_JENJANG, JENJANG_PENDIDIKAN, LAMA_PENDIDIKAN) VALUES ('JJ3', 'S2', 2);
INSERT INTO JENJANG (ID_JENJANG, JENJANG_PENDIDIKAN, LAMA_PENDIDIKAN) VALUES ('JJ4', 'S3', 3);


--Insert Tabel Program Studi
INSERT INTO PROGRAM_STUDI(ID_PRODI, NAMA_PRODI) VALUES
('PD1', 'Teknologi Rekayasa Perangkat Lunak');
INSERT INTO PROGRAM_STUDI(ID_PRODI, NAMA_PRODI) VALUES
('PD2', 'Bisnis Kreatif');
INSERT INTO PROGRAM_STUDI(ID_PRODI, NAMA_PRODI) VALUES
('PD3', 'Teknik Informatika');
INSERT INTO PROGRAM_STUDI(ID_PRODI, NAMA_PRODI) VALUES
('PD4', 'Akuntansi Perpajakan');
INSERT INTO PROGRAM_STUDI(ID_PRODI, NAMA_PRODI) VALUES
('PD5', 'Desain Komunikasi Visual');
INSERT INTO PROGRAM_STUDI(ID_PRODI, NAMA_PRODI) VALUES
('PD6', 'Pemasaran Digital');
INSERT INTO PROGRAM_STUDI(ID_PRODI, NAMA_PRODI) VALUES
('PD7', 'Statistika Bisnis');
INSERT INTO PROGRAM_STUDI(ID_PRODI, NAMA_PRODI) VALUES
('PD8', 'Teknik Sipil');
INSERT INTO PROGRAM_STUDI(ID_PRODI, NAMA_PRODI) VALUES
('PD9', 'Teknik Mesin');
INSERT INTO PROGRAM_STUDI(ID_PRODI, NAMA_PRODI) VALUES
('PD10', 'Teknik Elektro');
INSERT INTO PROGRAM_STUDI(ID_PRODI, NAMA_PRODI) VALUES
('PD11', 'Teknik Kimia');
INSERT INTO PROGRAM_STUDI(ID_PRODI, NAMA_PRODI) VALUES
('PD12', 'Teknik Industri');
INSERT INTO PROGRAM_STUDI(ID_PRODI, NAMA_PRODI) VALUES
('PD13', 'Teknik Informatika');
INSERT INTO PROGRAM_STUDI(ID_PRODI, NAMA_PRODI) VALUES
('PD14', 'Teknik Lingkungan');
INSERT INTO PROGRAM_STUDI(ID_PRODI, NAMA_PRODI) VALUES
('PD15', 'Arsitektur');
INSERT INTO PROGRAM_STUDI(ID_PRODI, NAMA_PRODI) VALUES
('PD16',  'Akuntansi');
INSERT INTO PROGRAM_STUDI(ID_PRODI, NAMA_PRODI) VALUES
('PD17',  'Manajemen');
INSERT INTO PROGRAM_STUDI(ID_PRODI, NAMA_PRODI) VALUES
('PD18', 'Ekonomi Pembangunan');
INSERT INTO PROGRAM_STUDI(ID_PRODI, NAMA_PRODI) VALUES
('PD19', 'Bisnis Digital');
INSERT INTO PROGRAM_STUDI(ID_PRODI, NAMA_PRODI) VALUES
('PD20', 'Ekonomi Syariah');
INSERT INTO PROGRAM_STUDI(ID_PRODI, NAMA_PRODI) VALUES
('PD21', 'Ilmu Komunikasi');
INSERT INTO PROGRAM_STUDI(ID_PRODI, NAMA_PRODI) VALUES
('PD22', 'Ilmu Pemerintahan');
INSERT INTO PROGRAM_STUDI(ID_PRODI, NAMA_PRODI) VALUES
('PD23',  'Ilmu Hubungan Internasional');
INSERT INTO PROGRAM_STUDI(ID_PRODI, NAMA_PRODI) VALUES
('PD24',  'Sosiologi');
INSERT INTO PROGRAM_STUDI(ID_PRODI, NAMA_PRODI) VALUES
('PD25',  'Administrasi Publik');
INSERT INTO PROGRAM_STUDI(ID_PRODI, NAMA_PRODI) VALUES
('PD26',  'Ilmu Hukum');
INSERT INTO PROGRAM_STUDI(ID_PRODI, NAMA_PRODI) VALUES
('PD27', 'Pendidikan Dokter');
INSERT INTO PROGRAM_STUDI(ID_PRODI, NAMA_PRODI) VALUES
('PD28',  'Ilmu Keperawatan');
INSERT INTO PROGRAM_STUDI(ID_PRODI, NAMA_PRODI) VALUES
('PD29',  'Kebidanan');
INSERT INTO PROGRAM_STUDI(ID_PRODI, NAMA_PRODI) VALUES
('PD30',  'Sastra Indonesia');
INSERT INTO PROGRAM_STUDI(ID_PRODI, NAMA_PRODI) VALUES
('PD31',  'Sastra Inggris');
INSERT INTO PROGRAM_STUDI(ID_PRODI, NAMA_PRODI) VALUES
('PD32',  'Sastra Jepang');
INSERT INTO PROGRAM_STUDI(ID_PRODI, NAMA_PRODI) VALUES
('PD33',  'Sastra Perancis');
INSERT INTO PROGRAM_STUDI(ID_PRODI, NAMA_PRODI) VALUES
('PD34',  'Arkeologi');
INSERT INTO PROGRAM_STUDI(ID_PRODI, NAMA_PRODI) VALUES
('PD35',  'Antropologi');
INSERT INTO PROGRAM_STUDI(ID_PRODI, NAMA_PRODI) VALUES
('PD36', 'Matematika');
INSERT INTO PROGRAM_STUDI(ID_PRODI, NAMA_PRODI) VALUES
('PD37', 'Fisika');
INSERT INTO PROGRAM_STUDI(ID_PRODI, NAMA_PRODI) VALUES
('PD38','Kimia');
INSERT INTO PROGRAM_STUDI(ID_PRODI, NAMA_PRODI) VALUES
('PD39',  'Biologi');
INSERT INTO PROGRAM_STUDI(ID_PRODI, NAMA_PRODI) VALUES
('PD40',  'Statistika');
INSERT INTO PROGRAM_STUDI(ID_PRODI, NAMA_PRODI) VALUES
('PD41', 'Geofisika');
INSERT INTO PROGRAM_STUDI(ID_PRODI, NAMA_PRODI) VALUES
('PD42', 'Agribisnis');
INSERT INTO PROGRAM_STUDI(ID_PRODI, NAMA_PRODI) VALUES
('PD43', 'Agroteknologi');
INSERT INTO PROGRAM_STUDI(ID_PRODI, NAMA_PRODI) VALUES
('PD44', 'Ilmu Tanah');
INSERT INTO PROGRAM_STUDI(ID_PRODI, NAMA_PRODI) VALUES
('PD45',  'Teknologi Hasil Pertanian');
INSERT INTO PROGRAM_STUDI(ID_PRODI, NAMA_PRODI) VALUES
('PD46', 'Peternakan');
INSERT INTO PROGRAM_STUDI(ID_PRODI, NAMA_PRODI) VALUES
('PD47', 'Manajemen Sumber Daya Perairan');
INSERT INTO PROGRAM_STUDI(ID_PRODI, NAMA_PRODI) VALUES
('PD48',  'Budidaya Perairan');
INSERT INTO PROGRAM_STUDI(ID_PRODI, NAMA_PRODI) VALUES
('PD49', 'Ilmu Kelautan');
INSERT INTO PROGRAM_STUDI(ID_PRODI, NAMA_PRODI) VALUES
('PD50',  'Teknologi Hasil Perikanan');
INSERT INTO PROGRAM_STUDI(ID_PRODI, NAMA_PRODI) VALUES
('PD51',  'Kesehatan Masyarakat');
INSERT INTO PROGRAM_STUDI(ID_PRODI, NAMA_PRODI) VALUES
('PD52',  'Gizi');
INSERT INTO PROGRAM_STUDI(ID_PRODI, NAMA_PRODI) VALUES
('PD53', 'Keselamatan dan Kesehatan Kerja (K3)');
INSERT INTO PROGRAM_STUDI(ID_PRODI, NAMA_PRODI) VALUES
('PD54', 'Psikologi');
INSERT INTO PROGRAM_STUDI(ID_PRODI, NAMA_PRODI) VALUES
('PD55',  'Ilmu Komputer');
INSERT INTO PROGRAM_STUDI(ID_PRODI, NAMA_PRODI) VALUES
('PD56', 'Sistem Informasi');
INSERT INTO PROGRAM_STUDI(ID_PRODI, NAMA_PRODI) VALUES
('PD57', 'Teknologi Informasi');
INSERT INTO PROGRAM_STUDI(ID_PRODI, NAMA_PRODI) VALUES
('PD58',  'Desain Komunikasi Visual');
INSERT INTO PROGRAM_STUDI(ID_PRODI, NAMA_PRODI) VALUES
('PD59', 'Desain Produk');
INSERT INTO PROGRAM_STUDI(ID_PRODI, NAMA_PRODI) VALUES
('PD60', 'Seni Rupa');
INSERT INTO PROGRAM_STUDI(ID_PRODI, NAMA_PRODI) VALUES
('PD61', 'Seni Musik');
INSERT INTO PROGRAM_STUDI(ID_PRODI, NAMA_PRODI) VALUES
('PD62',  'Pendidikan Guru Sekolah Dasar (PGSD)');
INSERT INTO PROGRAM_STUDI(ID_PRODI, NAMA_PRODI) VALUES
('PD63', 'Pendidikan Anak Usia Dini (PAUD)');
INSERT INTO PROGRAM_STUDI(ID_PRODI, NAMA_PRODI) VALUES
('PD64',  'Pendidikan Bahasa dan Sastra Indonesia');
INSERT INTO PROGRAM_STUDI(ID_PRODI, NAMA_PRODI) VALUES
('PD65',  'Pendidikan Bahasa Inggris');
INSERT INTO PROGRAM_STUDI(ID_PRODI, NAMA_PRODI) VALUES
('PD66', 'Pendidikan Matematika');
INSERT INTO PROGRAM_STUDI(ID_PRODI, NAMA_PRODI) VALUES
('PD67',  'Pendidikan Biologi');
INSERT INTO PROGRAM_STUDI(ID_PRODI, NAMA_PRODI) VALUES
('PD68', 'Artificial Intelligence');




--Insert Tabel Detail Program Studi
--D4
INSERT INTO DETAIL_PRODI(ID_DETAIL_PRODI, ID_PRODI, ID_JENJANG, ID_PERGURUAN_TINGGI) VALUES 
('D1','PD1', 'JJ2', 'PT1');
INSERT INTO DETAIL_PRODI(ID_DETAIL_PRODI, ID_PRODI, ID_JENJANG, ID_PERGURUAN_TINGGI) VALUES 
('D2', 'PD2', 'JJ2', 'PT2');
INSERT INTO DETAIL_PRODI(ID_DETAIL_PRODI, ID_PRODI, ID_JENJANG, ID_PERGURUAN_TINGGI) VALUES 
('D3', 'PD3', 'JJ2', 'PT5');
INSERT INTO DETAIL_PRODI(ID_DETAIL_PRODI, ID_PRODI, ID_JENJANG, ID_PERGURUAN_TINGGI) VALUES 
('D4', 'PD4', 'JJ2', 'PT6');
INSERT INTO DETAIL_PRODI(ID_DETAIL_PRODI, ID_PRODI, ID_JENJANG, ID_PERGURUAN_TINGGI) VALUES 
('D5', 'PD5', 'JJ2', 'PT8');
INSERT INTO DETAIL_PRODI(ID_DETAIL_PRODI, ID_PRODI, ID_JENJANG, ID_PERGURUAN_TINGGI) VALUES 
('D6', 'PD6', 'JJ2', 'PT9');
INSERT INTO DETAIL_PRODI(ID_DETAIL_PRODI, ID_PRODI, ID_JENJANG, ID_PERGURUAN_TINGGI) VALUES 
('D7', 'PD7', 'JJ2', 'PT4');


--S1
INSERT INTO DETAIL_PRODI(ID_DETAIL_PRODI, ID_PRODI, ID_JENJANG, ID_PERGURUAN_TINGGI) VALUES 
('D8', 'PD8', 'JJ1', 'PT1');
INSERT INTO DETAIL_PRODI(ID_DETAIL_PRODI, ID_PRODI, ID_JENJANG, ID_PERGURUAN_TINGGI) VALUES 
('D9', 'PD9', 'JJ1', 'PT1');
INSERT INTO DETAIL_PRODI(ID_DETAIL_PRODI, ID_PRODI, ID_JENJANG, ID_PERGURUAN_TINGGI) VALUES 
('D10', 'PD10', 'JJ1', 'PT1');
INSERT INTO DETAIL_PRODI(ID_DETAIL_PRODI, ID_PRODI, ID_JENJANG, ID_PERGURUAN_TINGGI) VALUES 
('D11', 'PD11', 'JJ1', 'PT1');
INSERT INTO DETAIL_PRODI(ID_DETAIL_PRODI, ID_PRODI, ID_JENJANG, ID_PERGURUAN_TINGGI) VALUES 
('D12', 'PD12', 'JJ1', 'PT1');
INSERT INTO DETAIL_PRODI(ID_DETAIL_PRODI, ID_PRODI, ID_JENJANG, ID_PERGURUAN_TINGGI) VALUES 
('D13', 'PD16', 'JJ1', 'PT1');
INSERT INTO DETAIL_PRODI(ID_DETAIL_PRODI, ID_PRODI, ID_JENJANG, ID_PERGURUAN_TINGGI) VALUES 
('D14', 'PD17', 'JJ1', 'PT1');
INSERT INTO DETAIL_PRODI(ID_DETAIL_PRODI, ID_PRODI, ID_JENJANG, ID_PERGURUAN_TINGGI) VALUES 
('D15', 'PD21', 'JJ1', 'PT1');
INSERT INTO DETAIL_PRODI(ID_DETAIL_PRODI, ID_PRODI, ID_JENJANG, ID_PERGURUAN_TINGGI) VALUES 
('D16', 'PD24', 'JJ1', 'PT1');
INSERT INTO DETAIL_PRODI(ID_DETAIL_PRODI, ID_PRODI, ID_JENJANG, ID_PERGURUAN_TINGGI) VALUES 
('D17', 'PD44', 'JJ1', 'PT1');
INSERT INTO DETAIL_PRODI(ID_DETAIL_PRODI, ID_PRODI, ID_JENJANG, ID_PERGURUAN_TINGGI) VALUES 
('D18', 'PD45', 'JJ1', 'PT1');
INSERT INTO DETAIL_PRODI(ID_DETAIL_PRODI, ID_PRODI, ID_JENJANG, ID_PERGURUAN_TINGGI) VALUES 
('D19', 'PD46', 'JJ1', 'PT1');
INSERT INTO DETAIL_PRODI(ID_DETAIL_PRODI, ID_PRODI, ID_JENJANG, ID_PERGURUAN_TINGGI) VALUES 
('D20', 'PD54', 'JJ1', 'PT1');
INSERT INTO DETAIL_PRODI(ID_DETAIL_PRODI, ID_PRODI, ID_JENJANG, ID_PERGURUAN_TINGGI) VALUES 
('D21', 'PD55', 'JJ1', 'PT1');
INSERT INTO DETAIL_PRODI(ID_DETAIL_PRODI, ID_PRODI, ID_JENJANG, ID_PERGURUAN_TINGGI) VALUES 
('D22', 'PD57', 'JJ1', 'PT1');

INSERT INTO DETAIL_PRODI(ID_DETAIL_PRODI, ID_PRODI, ID_JENJANG, ID_PERGURUAN_TINGGI) VALUES 
('D23', 'PD8', 'JJ1', 'PT2');
INSERT INTO DETAIL_PRODI(ID_DETAIL_PRODI, ID_PRODI, ID_JENJANG, ID_PERGURUAN_TINGGI) VALUES 
('D24', 'PD9', 'JJ1', 'PT2');
INSERT INTO DETAIL_PRODI(ID_DETAIL_PRODI, ID_PRODI, ID_JENJANG, ID_PERGURUAN_TINGGI) VALUES 
('D25', 'PD10', 'JJ1', 'PT2');
INSERT INTO DETAIL_PRODI(ID_DETAIL_PRODI, ID_PRODI, ID_JENJANG, ID_PERGURUAN_TINGGI) VALUES 
('D26', 'PD11', 'JJ1', 'PT2');
INSERT INTO DETAIL_PRODI(ID_DETAIL_PRODI, ID_PRODI, ID_JENJANG, ID_PERGURUAN_TINGGI) VALUES 
('D27', 'PD12', 'JJ1', 'PT2');
INSERT INTO DETAIL_PRODI(ID_DETAIL_PRODI, ID_PRODI, ID_JENJANG, ID_PERGURUAN_TINGGI) VALUES 
('D28', 'PD52', 'JJ1', 'PT2');

INSERT INTO DETAIL_PRODI(ID_DETAIL_PRODI, ID_PRODI, ID_JENJANG, ID_PERGURUAN_TINGGI) VALUES 
('D29', 'PD13', 'JJ1', 'PT3');
INSERT INTO DETAIL_PRODI(ID_DETAIL_PRODI, ID_PRODI, ID_JENJANG, ID_PERGURUAN_TINGGI) VALUES 
('D30', 'PD14', 'JJ1', 'PT3');
INSERT INTO DETAIL_PRODI(ID_DETAIL_PRODI, ID_PRODI, ID_JENJANG, ID_PERGURUAN_TINGGI) VALUES 
('D31', 'PD15', 'JJ1', 'PT3');
INSERT INTO DETAIL_PRODI(ID_DETAIL_PRODI, ID_PRODI, ID_JENJANG, ID_PERGURUAN_TINGGI) VALUES 
('D32', 'PD16', 'JJ1', 'PT3');
INSERT INTO DETAIL_PRODI(ID_DETAIL_PRODI, ID_PRODI, ID_JENJANG, ID_PERGURUAN_TINGGI) VALUES 
('D33', 'PD17', 'JJ1', 'PT3');
INSERT INTO DETAIL_PRODI(ID_DETAIL_PRODI, ID_PRODI, ID_JENJANG, ID_PERGURUAN_TINGGI) VALUES 
('D34', 'PD51', 'JJ1', 'PT3');
INSERT INTO DETAIL_PRODI(ID_DETAIL_PRODI, ID_PRODI, ID_JENJANG, ID_PERGURUAN_TINGGI) VALUES 
('D35', 'PD53', 'JJ1', 'PT3');


INSERT INTO DETAIL_PRODI(ID_DETAIL_PRODI, ID_PRODI, ID_JENJANG, ID_PERGURUAN_TINGGI) VALUES 
('D36', 'PD18', 'JJ1', 'PT4');
INSERT INTO DETAIL_PRODI(ID_DETAIL_PRODI, ID_PRODI, ID_JENJANG, ID_PERGURUAN_TINGGI) VALUES 
('D37', 'PD19', 'JJ1', 'PT4');
INSERT INTO DETAIL_PRODI(ID_DETAIL_PRODI, ID_PRODI, ID_JENJANG, ID_PERGURUAN_TINGGI) VALUES 
('D38', 'PD20', 'JJ1', 'PT4');
INSERT INTO DETAIL_PRODI(ID_DETAIL_PRODI, ID_PRODI, ID_JENJANG, ID_PERGURUAN_TINGGI) VALUES 
('D39', 'PD21', 'JJ1', 'PT4');
INSERT INTO DETAIL_PRODI(ID_DETAIL_PRODI, ID_PRODI, ID_JENJANG, ID_PERGURUAN_TINGGI) VALUES 
('D40', 'PD22', 'JJ1', 'PT4');
INSERT INTO DETAIL_PRODI(ID_DETAIL_PRODI, ID_PRODI, ID_JENJANG, ID_PERGURUAN_TINGGI) VALUES 
('D41', 'PD50', 'JJ1', 'PT4');
INSERT INTO DETAIL_PRODI(ID_DETAIL_PRODI, ID_PRODI, ID_JENJANG, ID_PERGURUAN_TINGGI) VALUES 
('D42', 'PD54', 'JJ1', 'PT4');


INSERT INTO DETAIL_PRODI(ID_DETAIL_PRODI, ID_PRODI, ID_JENJANG, ID_PERGURUAN_TINGGI) VALUES 
('D43', 'PD23', 'JJ1', 'PT5');
INSERT INTO DETAIL_PRODI(ID_DETAIL_PRODI, ID_PRODI, ID_JENJANG, ID_PERGURUAN_TINGGI) VALUES 
('D44', 'PD24', 'JJ1', 'PT5');
INSERT INTO DETAIL_PRODI(ID_DETAIL_PRODI, ID_PRODI, ID_JENJANG, ID_PERGURUAN_TINGGI) VALUES 
('D45', 'PD25', 'JJ1', 'PT5');
INSERT INTO DETAIL_PRODI(ID_DETAIL_PRODI, ID_PRODI, ID_JENJANG, ID_PERGURUAN_TINGGI) VALUES 
('D46', 'PD26', 'JJ1', 'PT5');
INSERT INTO DETAIL_PRODI(ID_DETAIL_PRODI, ID_PRODI, ID_JENJANG, ID_PERGURUAN_TINGGI) VALUES 
('D47', 'PD27', 'JJ1', 'PT5');
INSERT INTO DETAIL_PRODI(ID_DETAIL_PRODI, ID_PRODI, ID_JENJANG, ID_PERGURUAN_TINGGI) VALUES 
('D48', 'PD49', 'JJ1', 'PT5');


INSERT INTO DETAIL_PRODI(ID_DETAIL_PRODI, ID_PRODI, ID_JENJANG, ID_PERGURUAN_TINGGI) VALUES 
('D49', 'PD28', 'JJ1', 'PT6');
INSERT INTO DETAIL_PRODI(ID_DETAIL_PRODI, ID_PRODI, ID_JENJANG, ID_PERGURUAN_TINGGI) VALUES 
('D50', 'PD29', 'JJ1', 'PT6');
INSERT INTO DETAIL_PRODI(ID_DETAIL_PRODI, ID_PRODI, ID_JENJANG, ID_PERGURUAN_TINGGI) VALUES 
('D51', 'PD30', 'JJ1', 'PT6');
INSERT INTO DETAIL_PRODI(ID_DETAIL_PRODI, ID_PRODI, ID_JENJANG, ID_PERGURUAN_TINGGI) VALUES 
('D52', 'PD31', 'JJ1', 'PT6');
INSERT INTO DETAIL_PRODI(ID_DETAIL_PRODI, ID_PRODI, ID_JENJANG, ID_PERGURUAN_TINGGI) VALUES 
('D53', 'PD32', 'JJ1', 'PT6');
INSERT INTO DETAIL_PRODI(ID_DETAIL_PRODI, ID_PRODI, ID_JENJANG, ID_PERGURUAN_TINGGI) VALUES 
('D54', 'PD48', 'JJ1', 'PT6');


INSERT INTO DETAIL_PRODI(ID_DETAIL_PRODI, ID_PRODI, ID_JENJANG, ID_PERGURUAN_TINGGI) VALUES 
('D55', 'PD63', 'JJ1', 'PT7');
INSERT INTO DETAIL_PRODI(ID_DETAIL_PRODI, ID_PRODI, ID_JENJANG, ID_PERGURUAN_TINGGI) VALUES 
('D56', 'PD64', 'JJ1', 'PT7');
INSERT INTO DETAIL_PRODI(ID_DETAIL_PRODI, ID_PRODI, ID_JENJANG, ID_PERGURUAN_TINGGI) VALUES 
('D57', 'PD65', 'JJ1', 'PT7');
INSERT INTO DETAIL_PRODI(ID_DETAIL_PRODI, ID_PRODI, ID_JENJANG, ID_PERGURUAN_TINGGI) VALUES 
('D58', 'PD66', 'JJ1', 'PT7');
INSERT INTO DETAIL_PRODI(ID_DETAIL_PRODI, ID_PRODI, ID_JENJANG, ID_PERGURUAN_TINGGI) VALUES 
('D59', 'PD67', 'JJ1', 'PT7');
INSERT INTO DETAIL_PRODI(ID_DETAIL_PRODI, ID_PRODI, ID_JENJANG, ID_PERGURUAN_TINGGI) VALUES 
('D60', 'PD47', 'JJ1', 'PT7');


INSERT INTO DETAIL_PRODI(ID_DETAIL_PRODI, ID_PRODI, ID_JENJANG, ID_PERGURUAN_TINGGI) VALUES 
('D61', 'PD55', 'JJ1', 'PT8');
INSERT INTO DETAIL_PRODI(ID_DETAIL_PRODI, ID_PRODI, ID_JENJANG, ID_PERGURUAN_TINGGI) VALUES 
('D62', 'PD56', 'JJ1', 'PT8');
INSERT INTO DETAIL_PRODI(ID_DETAIL_PRODI, ID_PRODI, ID_JENJANG, ID_PERGURUAN_TINGGI) VALUES 
('D63', 'PD57', 'JJ1', 'PT8');
INSERT INTO DETAIL_PRODI(ID_DETAIL_PRODI, ID_PRODI, ID_JENJANG, ID_PERGURUAN_TINGGI) VALUES 
('D64', 'PD58', 'JJ1', 'PT8');
INSERT INTO DETAIL_PRODI(ID_DETAIL_PRODI, ID_PRODI, ID_JENJANG, ID_PERGURUAN_TINGGI) VALUES 
('D65', 'PD59', 'JJ1', 'PT8');
INSERT INTO DETAIL_PRODI(ID_DETAIL_PRODI, ID_PRODI, ID_JENJANG, ID_PERGURUAN_TINGGI) VALUES 
('D66', 'PD46', 'JJ1', 'PT8');


INSERT INTO DETAIL_PRODI(ID_DETAIL_PRODI, ID_PRODI, ID_JENJANG, ID_PERGURUAN_TINGGI) VALUES 
('D67', 'PD33', 'JJ1', 'PT9');
INSERT INTO DETAIL_PRODI(ID_DETAIL_PRODI, ID_PRODI, ID_JENJANG, ID_PERGURUAN_TINGGI) VALUES 
('D68', 'PD34', 'JJ1', 'PT9');
INSERT INTO DETAIL_PRODI(ID_DETAIL_PRODI, ID_PRODI, ID_JENJANG, ID_PERGURUAN_TINGGI) VALUES 
('D69', 'PD35', 'JJ1', 'PT9');
INSERT INTO DETAIL_PRODI(ID_DETAIL_PRODI, ID_PRODI, ID_JENJANG, ID_PERGURUAN_TINGGI) VALUES 
('D70', 'PD36', 'JJ1', 'PT9');
INSERT INTO DETAIL_PRODI(ID_DETAIL_PRODI, ID_PRODI, ID_JENJANG, ID_PERGURUAN_TINGGI) VALUES 
('D71', 'PD37', 'JJ1', 'PT9');
INSERT INTO DETAIL_PRODI(ID_DETAIL_PRODI, ID_PRODI, ID_JENJANG, ID_PERGURUAN_TINGGI) VALUES 
('D72', 'PD45', 'JJ1', 'PT9');

INSERT INTO DETAIL_PRODI(ID_DETAIL_PRODI, ID_PRODI, ID_JENJANG, ID_PERGURUAN_TINGGI) VALUES 
('D73', 'PD38', 'JJ1', 'PT10');
INSERT INTO DETAIL_PRODI(ID_DETAIL_PRODI, ID_PRODI, ID_JENJANG, ID_PERGURUAN_TINGGI) VALUES 
('D74', 'PD39', 'JJ1', 'PT10');
INSERT INTO DETAIL_PRODI(ID_DETAIL_PRODI, ID_PRODI, ID_JENJANG, ID_PERGURUAN_TINGGI) VALUES 
('D75', 'PD40', 'JJ1', 'PT10');
INSERT INTO DETAIL_PRODI(ID_DETAIL_PRODI, ID_PRODI, ID_JENJANG, ID_PERGURUAN_TINGGI) VALUES 
('D76', 'PD41', 'JJ1', 'PT10');
INSERT INTO DETAIL_PRODI(ID_DETAIL_PRODI, ID_PRODI, ID_JENJANG, ID_PERGURUAN_TINGGI) VALUES 
('D77', 'PD42', 'JJ1', 'PT10');
INSERT INTO DETAIL_PRODI(ID_DETAIL_PRODI, ID_PRODI, ID_JENJANG, ID_PERGURUAN_TINGGI) VALUES 
('D78', 'PD43', 'JJ1', 'PT10');
INSERT INTO DETAIL_PRODI(ID_DETAIL_PRODI, ID_PRODI, ID_JENJANG, ID_PERGURUAN_TINGGI) VALUES 
('D79', 'PD44', 'JJ1', 'PT10');


INSERT INTO DETAIL_PRODI(ID_DETAIL_PRODI, ID_PRODI, ID_JENJANG, ID_PERGURUAN_TINGGI) VALUES 
('D80', 'PD55', 'JJ1', 'PT11');
INSERT INTO DETAIL_PRODI(ID_DETAIL_PRODI, ID_PRODI, ID_JENJANG, ID_PERGURUAN_TINGGI) VALUES 
('D81', 'PD8', 'JJ1', 'PT11');
INSERT INTO DETAIL_PRODI(ID_DETAIL_PRODI, ID_PRODI, ID_JENJANG, ID_PERGURUAN_TINGGI) VALUES 
('D82', 'PD17', 'JJ1', 'PT11');


INSERT INTO DETAIL_PRODI(ID_DETAIL_PRODI, ID_PRODI, ID_JENJANG, ID_PERGURUAN_TINGGI) VALUES 
('D83', 'PD55', 'JJ1', 'PT12');
INSERT INTO DETAIL_PRODI(ID_DETAIL_PRODI, ID_PRODI, ID_JENJANG, ID_PERGURUAN_TINGGI) VALUES 
('D84', 'PD8', 'JJ1', 'PT12');
INSERT INTO DETAIL_PRODI(ID_DETAIL_PRODI, ID_PRODI, ID_JENJANG, ID_PERGURUAN_TINGGI) VALUES 
('D85', 'PD17', 'JJ1', 'PT12');

INSERT INTO DETAIL_PRODI(ID_DETAIL_PRODI, ID_PRODI, ID_JENJANG, ID_PERGURUAN_TINGGI) VALUES 
('D86', 'PD55', 'JJ1', 'PT13');
INSERT INTO DETAIL_PRODI(ID_DETAIL_PRODI, ID_PRODI, ID_JENJANG, ID_PERGURUAN_TINGGI) VALUES 
('D87', 'PD8', 'JJ1', 'PT13');
INSERT INTO DETAIL_PRODI(ID_DETAIL_PRODI, ID_PRODI, ID_JENJANG, ID_PERGURUAN_TINGGI) VALUES 
('D88', 'PD17', 'JJ1', 'PT13');

INSERT INTO DETAIL_PRODI(ID_DETAIL_PRODI, ID_PRODI, ID_JENJANG, ID_PERGURUAN_TINGGI) VALUES 
('D89', 'PD55', 'JJ1', 'PT14');
INSERT INTO DETAIL_PRODI(ID_DETAIL_PRODI, ID_PRODI, ID_JENJANG, ID_PERGURUAN_TINGGI) VALUES 
('D90', 'PD8', 'JJ1', 'PT14');
INSERT INTO DETAIL_PRODI(ID_DETAIL_PRODI, ID_PRODI, ID_JENJANG, ID_PERGURUAN_TINGGI) VALUES 
('D91', 'PD17', 'JJ1', 'PT14');

INSERT INTO DETAIL_PRODI(ID_DETAIL_PRODI, ID_PRODI, ID_JENJANG, ID_PERGURUAN_TINGGI) VALUES 
('D92', 'PD55', 'JJ1', 'PT15');
INSERT INTO DETAIL_PRODI(ID_DETAIL_PRODI, ID_PRODI, ID_JENJANG, ID_PERGURUAN_TINGGI) VALUES 
('D93', 'PD8', 'JJ1', 'PT15');
INSERT INTO DETAIL_PRODI(ID_DETAIL_PRODI, ID_PRODI, ID_JENJANG, ID_PERGURUAN_TINGGI) VALUES 
('D94', 'PD17', 'JJ1', 'PT15');

INSERT INTO DETAIL_PRODI(ID_DETAIL_PRODI, ID_PRODI, ID_JENJANG, ID_PERGURUAN_TINGGI) VALUES 
('D95', 'PD55', 'JJ1', 'PT16');
INSERT INTO DETAIL_PRODI(ID_DETAIL_PRODI, ID_PRODI, ID_JENJANG, ID_PERGURUAN_TINGGI) VALUES 
('D96', 'PD8', 'JJ1', 'PT16');
INSERT INTO DETAIL_PRODI(ID_DETAIL_PRODI, ID_PRODI, ID_JENJANG, ID_PERGURUAN_TINGGI) VALUES 
('D97', 'PD17', 'JJ1', 'PT16');

INSERT INTO DETAIL_PRODI(ID_DETAIL_PRODI, ID_PRODI, ID_JENJANG, ID_PERGURUAN_TINGGI) VALUES 
('D98', 'PD55', 'JJ1', 'PT17');
INSERT INTO DETAIL_PRODI(ID_DETAIL_PRODI, ID_PRODI, ID_JENJANG, ID_PERGURUAN_TINGGI) VALUES 
('D99', 'PD8', 'JJ1', 'PT17');
INSERT INTO DETAIL_PRODI(ID_DETAIL_PRODI, ID_PRODI, ID_JENJANG, ID_PERGURUAN_TINGGI) VALUES 
('D100', 'PD17', 'JJ1', 'PT17');

INSERT INTO DETAIL_PRODI(ID_DETAIL_PRODI, ID_PRODI, ID_JENJANG, ID_PERGURUAN_TINGGI) VALUES 
('D101', 'PD55', 'JJ1', 'PT18');
INSERT INTO DETAIL_PRODI(ID_DETAIL_PRODI, ID_PRODI, ID_JENJANG, ID_PERGURUAN_TINGGI) VALUES 
('D102', 'PD8', 'JJ1', 'PT18');
INSERT INTO DETAIL_PRODI(ID_DETAIL_PRODI, ID_PRODI, ID_JENJANG, ID_PERGURUAN_TINGGI) VALUES 
('D103', 'PD17', 'JJ1', 'PT18');

INSERT INTO DETAIL_PRODI(ID_DETAIL_PRODI, ID_PRODI, ID_JENJANG, ID_PERGURUAN_TINGGI) VALUES 
('D104', 'PD55', 'JJ1', 'PT19');
INSERT INTO DETAIL_PRODI(ID_DETAIL_PRODI, ID_PRODI, ID_JENJANG, ID_PERGURUAN_TINGGI) VALUES 
('D105', 'PD8', 'JJ1', 'PT19');
INSERT INTO DETAIL_PRODI(ID_DETAIL_PRODI, ID_PRODI, ID_JENJANG, ID_PERGURUAN_TINGGI) VALUES 
('D106', 'PD17', 'JJ1', 'PT19');

INSERT INTO DETAIL_PRODI(ID_DETAIL_PRODI, ID_PRODI, ID_JENJANG, ID_PERGURUAN_TINGGI) VALUES 
('D107', 'PD55', 'JJ1', 'PT20');
INSERT INTO DETAIL_PRODI(ID_DETAIL_PRODI, ID_PRODI, ID_JENJANG, ID_PERGURUAN_TINGGI) VALUES 
('D108', 'PD8', 'JJ1', 'PT20');
INSERT INTO DETAIL_PRODI(ID_DETAIL_PRODI, ID_PRODI, ID_JENJANG, ID_PERGURUAN_TINGGI) VALUES 
('D109', 'PD17', 'JJ1', 'PT20');

INSERT INTO DETAIL_PRODI(ID_DETAIL_PRODI, ID_PRODI, ID_JENJANG, ID_PERGURUAN_TINGGI) VALUES 
('D110', 'PD55', 'JJ1', 'PT21');
INSERT INTO DETAIL_PRODI(ID_DETAIL_PRODI, ID_PRODI, ID_JENJANG, ID_PERGURUAN_TINGGI) VALUES 
('D111', 'PD8', 'JJ1', 'PT21');
INSERT INTO DETAIL_PRODI(ID_DETAIL_PRODI, ID_PRODI, ID_JENJANG, ID_PERGURUAN_TINGGI) VALUES 
('D112', 'PD17', 'JJ1', 'PT21');

INSERT INTO DETAIL_PRODI(ID_DETAIL_PRODI, ID_PRODI, ID_JENJANG, ID_PERGURUAN_TINGGI) VALUES 
('D113', 'PD55', 'JJ1', 'PT22');
INSERT INTO DETAIL_PRODI(ID_DETAIL_PRODI, ID_PRODI, ID_JENJANG, ID_PERGURUAN_TINGGI) VALUES 
('D114', 'PD8', 'JJ1', 'PT22');
INSERT INTO DETAIL_PRODI(ID_DETAIL_PRODI, ID_PRODI, ID_JENJANG, ID_PERGURUAN_TINGGI) VALUES 
('D115', 'PD17', 'JJ1', 'PT22');

INSERT INTO DETAIL_PRODI(ID_DETAIL_PRODI, ID_PRODI, ID_JENJANG, ID_PERGURUAN_TINGGI) VALUES 
('D116', 'PD55', 'JJ1', 'PT23');
INSERT INTO DETAIL_PRODI(ID_DETAIL_PRODI, ID_PRODI, ID_JENJANG, ID_PERGURUAN_TINGGI) VALUES 
('D117', 'PD8', 'JJ1', 'PT23');
INSERT INTO DETAIL_PRODI(ID_DETAIL_PRODI, ID_PRODI, ID_JENJANG, ID_PERGURUAN_TINGGI) VALUES 
('D118', 'PD17', 'JJ1', 'PT23');

INSERT INTO DETAIL_PRODI(ID_DETAIL_PRODI, ID_PRODI, ID_JENJANG, ID_PERGURUAN_TINGGI) VALUES 
('D119', 'PD55', 'JJ1', 'PT24');
INSERT INTO DETAIL_PRODI(ID_DETAIL_PRODI, ID_PRODI, ID_JENJANG, ID_PERGURUAN_TINGGI) VALUES 
('D120', 'PD8', 'JJ1', 'PT24');
INSERT INTO DETAIL_PRODI(ID_DETAIL_PRODI, ID_PRODI, ID_JENJANG, ID_PERGURUAN_TINGGI) VALUES 
('D121', 'PD17', 'JJ1', 'PT24');

INSERT INTO DETAIL_PRODI(ID_DETAIL_PRODI, ID_PRODI, ID_JENJANG, ID_PERGURUAN_TINGGI) VALUES 
('D122', 'PD55', 'JJ1', 'PT25');
INSERT INTO DETAIL_PRODI(ID_DETAIL_PRODI, ID_PRODI, ID_JENJANG, ID_PERGURUAN_TINGGI) VALUES 
('D123', 'PD8', 'JJ1', 'PT25');
INSERT INTO DETAIL_PRODI(ID_DETAIL_PRODI, ID_PRODI, ID_JENJANG, ID_PERGURUAN_TINGGI) VALUES 
('D124', 'PD17', 'JJ1', 'PT25');

INSERT INTO DETAIL_PRODI(ID_DETAIL_PRODI, ID_PRODI, ID_JENJANG, ID_PERGURUAN_TINGGI) VALUES 
('D125', 'PD55', 'JJ1', 'PT26');
INSERT INTO DETAIL_PRODI(ID_DETAIL_PRODI, ID_PRODI, ID_JENJANG, ID_PERGURUAN_TINGGI) VALUES 
('D126', 'PD8', 'JJ1', 'PT26');
INSERT INTO DETAIL_PRODI(ID_DETAIL_PRODI, ID_PRODI, ID_JENJANG, ID_PERGURUAN_TINGGI) VALUES 
('D127', 'PD17', 'JJ1', 'PT26');

INSERT INTO DETAIL_PRODI(ID_DETAIL_PRODI, ID_PRODI, ID_JENJANG, ID_PERGURUAN_TINGGI) VALUES 
('D128', 'PD55', 'JJ1', 'PT27');
INSERT INTO DETAIL_PRODI(ID_DETAIL_PRODI, ID_PRODI, ID_JENJANG, ID_PERGURUAN_TINGGI) VALUES 
('D129', 'PD8', 'JJ1', 'PT27');
INSERT INTO DETAIL_PRODI(ID_DETAIL_PRODI, ID_PRODI, ID_JENJANG, ID_PERGURUAN_TINGGI) VALUES 
('D130', 'PD17', 'JJ1', 'PT27');

INSERT INTO DETAIL_PRODI(ID_DETAIL_PRODI, ID_PRODI, ID_JENJANG, ID_PERGURUAN_TINGGI) VALUES 
('D131', 'PD55', 'JJ1', 'PT28');
INSERT INTO DETAIL_PRODI(ID_DETAIL_PRODI, ID_PRODI, ID_JENJANG, ID_PERGURUAN_TINGGI) VALUES 
('D132', 'PD8', 'JJ1', 'PT28');
INSERT INTO DETAIL_PRODI(ID_DETAIL_PRODI, ID_PRODI, ID_JENJANG, ID_PERGURUAN_TINGGI) VALUES 
('D133', 'PD17', 'JJ1', 'PT28');

INSERT INTO DETAIL_PRODI(ID_DETAIL_PRODI, ID_PRODI, ID_JENJANG, ID_PERGURUAN_TINGGI) VALUES 
('D134', 'PD55', 'JJ1', 'PT29');
INSERT INTO DETAIL_PRODI(ID_DETAIL_PRODI, ID_PRODI, ID_JENJANG, ID_PERGURUAN_TINGGI) VALUES 
('D135', 'PD8', 'JJ1', 'PT29');
INSERT INTO DETAIL_PRODI(ID_DETAIL_PRODI, ID_PRODI, ID_JENJANG, ID_PERGURUAN_TINGGI) VALUES 
('D136', 'PD17', 'JJ1', 'PT29');

INSERT INTO DETAIL_PRODI(ID_DETAIL_PRODI, ID_PRODI, ID_JENJANG, ID_PERGURUAN_TINGGI) VALUES 
('D137', 'PD55', 'JJ1', 'PT30');
INSERT INTO DETAIL_PRODI(ID_DETAIL_PRODI, ID_PRODI, ID_JENJANG, ID_PERGURUAN_TINGGI) VALUES 
('D138', 'PD8', 'JJ1', 'PT30');
INSERT INTO DETAIL_PRODI(ID_DETAIL_PRODI, ID_PRODI, ID_JENJANG, ID_PERGURUAN_TINGGI) VALUES 
('D139', 'PD17', 'JJ1', 'PT30');

INSERT INTO DETAIL_PRODI(ID_DETAIL_PRODI, ID_PRODI, ID_JENJANG, ID_PERGURUAN_TINGGI) VALUES 
('D140', 'PD55', 'JJ1', 'PT31');
INSERT INTO DETAIL_PRODI(ID_DETAIL_PRODI, ID_PRODI, ID_JENJANG, ID_PERGURUAN_TINGGI) VALUES 
('D141', 'PD8', 'JJ1', 'PT31');
INSERT INTO DETAIL_PRODI(ID_DETAIL_PRODI, ID_PRODI, ID_JENJANG, ID_PERGURUAN_TINGGI) VALUES 
('D142', 'PD17', 'JJ1', 'PT31');

INSERT INTO DETAIL_PRODI(ID_DETAIL_PRODI, ID_PRODI, ID_JENJANG, ID_PERGURUAN_TINGGI) VALUES 
('D143', 'PD55', 'JJ1', 'PT32');
INSERT INTO DETAIL_PRODI(ID_DETAIL_PRODI, ID_PRODI, ID_JENJANG, ID_PERGURUAN_TINGGI) VALUES 
('D144', 'PD8', 'JJ1', 'PT32');
INSERT INTO DETAIL_PRODI(ID_DETAIL_PRODI, ID_PRODI, ID_JENJANG, ID_PERGURUAN_TINGGI) VALUES 
('D145', 'PD17', 'JJ1', 'PT32');

INSERT INTO DETAIL_PRODI(ID_DETAIL_PRODI, ID_PRODI, ID_JENJANG, ID_PERGURUAN_TINGGI) VALUES 
('D146', 'PD55', 'JJ1', 'PT33');
INSERT INTO DETAIL_PRODI(ID_DETAIL_PRODI, ID_PRODI, ID_JENJANG, ID_PERGURUAN_TINGGI) VALUES 
('D147', 'PD8', 'JJ1', 'PT33');
INSERT INTO DETAIL_PRODI(ID_DETAIL_PRODI, ID_PRODI, ID_JENJANG, ID_PERGURUAN_TINGGI) VALUES 
('D148', 'PD17', 'JJ1', 'PT33');

INSERT INTO DETAIL_PRODI(ID_DETAIL_PRODI, ID_PRODI, ID_JENJANG, ID_PERGURUAN_TINGGI) VALUES 
('D149', 'PD55', 'JJ1', 'PT34');
INSERT INTO DETAIL_PRODI(ID_DETAIL_PRODI, ID_PRODI, ID_JENJANG, ID_PERGURUAN_TINGGI) VALUES 
('D150', 'PD8', 'JJ1', 'PT34');
INSERT INTO DETAIL_PRODI(ID_DETAIL_PRODI, ID_PRODI, ID_JENJANG, ID_PERGURUAN_TINGGI) VALUES 
('D151', 'PD17', 'JJ1', 'PT34');

INSERT INTO DETAIL_PRODI(ID_DETAIL_PRODI, ID_PRODI, ID_JENJANG, ID_PERGURUAN_TINGGI) VALUES 
('D152', 'PD55', 'JJ1', 'PT35');
INSERT INTO DETAIL_PRODI(ID_DETAIL_PRODI, ID_PRODI, ID_JENJANG, ID_PERGURUAN_TINGGI) VALUES 
('D153', 'PD8', 'JJ1', 'PT35');
INSERT INTO DETAIL_PRODI(ID_DETAIL_PRODI, ID_PRODI, ID_JENJANG, ID_PERGURUAN_TINGGI) VALUES 
('D154', 'PD17', 'JJ1', 'PT35');


INSERT INTO DETAIL_PRODI(ID_DETAIL_PRODI, ID_PRODI, ID_JENJANG, ID_PERGURUAN_TINGGI) VALUES 
('D155', 'PD55', 'JJ1', 'PT36');
INSERT INTO DETAIL_PRODI(ID_DETAIL_PRODI, ID_PRODI, ID_JENJANG, ID_PERGURUAN_TINGGI) VALUES 
('D156', 'PD8', 'JJ1', 'PT36');
INSERT INTO DETAIL_PRODI(ID_DETAIL_PRODI, ID_PRODI, ID_JENJANG, ID_PERGURUAN_TINGGI) VALUES 
('D157', 'PD17', 'JJ1', 'PT36');

INSERT INTO DETAIL_PRODI(ID_DETAIL_PRODI, ID_PRODI, ID_JENJANG, ID_PERGURUAN_TINGGI) VALUES 
('D158', 'PD55', 'JJ1', 'PT37');
INSERT INTO DETAIL_PRODI(ID_DETAIL_PRODI, ID_PRODI, ID_JENJANG, ID_PERGURUAN_TINGGI) VALUES 
('D159', 'PD8', 'JJ1', 'PT37');
INSERT INTO DETAIL_PRODI(ID_DETAIL_PRODI, ID_PRODI, ID_JENJANG, ID_PERGURUAN_TINGGI) VALUES 
('D160', 'PD17', 'JJ1', 'PT37');

INSERT INTO DETAIL_PRODI(ID_DETAIL_PRODI, ID_PRODI, ID_JENJANG, ID_PERGURUAN_TINGGI) VALUES 
('D161', 'PD55', 'JJ1', 'PT38');
INSERT INTO DETAIL_PRODI(ID_DETAIL_PRODI, ID_PRODI, ID_JENJANG, ID_PERGURUAN_TINGGI) VALUES 
('D162', 'PD8', 'JJ1', 'PT38');
INSERT INTO DETAIL_PRODI(ID_DETAIL_PRODI, ID_PRODI, ID_JENJANG, ID_PERGURUAN_TINGGI) VALUES 
('D163', 'PD17', 'JJ1', 'PT38');

--S2
INSERT INTO DETAIL_PRODI(ID_DETAIL_PRODI, ID_PRODI, ID_JENJANG, ID_PERGURUAN_TINGGI) VALUES 
('D164', 'PD55', 'JJ3', 'PT1');
INSERT INTO DETAIL_PRODI(ID_DETAIL_PRODI, ID_PRODI, ID_JENJANG, ID_PERGURUAN_TINGGI) VALUES 
('D165', 'PD68', 'JJ3', 'PT1');

INSERT INTO DETAIL_PRODI (ID_DETAIL_PRODI, ID_PRODI, ID_JENJANG, ID_PERGURUAN_TINGGI) VALUES 
('D166', 'PD55', 'JJ3', 'PT11');
INSERT INTO DETAIL_PRODI (ID_DETAIL_PRODI, ID_PRODI, ID_JENJANG, ID_PERGURUAN_TINGGI) VALUES 
('D167', 'PD55', 'JJ3', 'PT12');
INSERT INTO DETAIL_PRODI (ID_DETAIL_PRODI, ID_PRODI, ID_JENJANG, ID_PERGURUAN_TINGGI) VALUES 
('D168', 'PD55', 'JJ3', 'PT13');
INSERT INTO DETAIL_PRODI (ID_DETAIL_PRODI, ID_PRODI, ID_JENJANG, ID_PERGURUAN_TINGGI) VALUES 
('D169', 'PD55', 'JJ3', 'PT14');
INSERT INTO DETAIL_PRODI (ID_DETAIL_PRODI, ID_PRODI, ID_JENJANG, ID_PERGURUAN_TINGGI) VALUES 
('D170', 'PD55', 'JJ3', 'PT15');
INSERT INTO DETAIL_PRODI (ID_DETAIL_PRODI, ID_PRODI, ID_JENJANG, ID_PERGURUAN_TINGGI) VALUES 
('D171', 'PD55', 'JJ3', 'PT16');
INSERT INTO DETAIL_PRODI (ID_DETAIL_PRODI, ID_PRODI, ID_JENJANG, ID_PERGURUAN_TINGGI) VALUES 
('D172', 'PD55', 'JJ3', 'PT17');
INSERT INTO DETAIL_PRODI (ID_DETAIL_PRODI, ID_PRODI, ID_JENJANG, ID_PERGURUAN_TINGGI) VALUES 
('D173', 'PD55', 'JJ3', 'PT18');
INSERT INTO DETAIL_PRODI (ID_DETAIL_PRODI, ID_PRODI, ID_JENJANG, ID_PERGURUAN_TINGGI) VALUES 
('D174', 'PD55', 'JJ3', 'PT19');
INSERT INTO DETAIL_PRODI (ID_DETAIL_PRODI, ID_PRODI, ID_JENJANG, ID_PERGURUAN_TINGGI) VALUES 
('D175', 'PD55', 'JJ3', 'PT20');
INSERT INTO DETAIL_PRODI (ID_DETAIL_PRODI, ID_PRODI, ID_JENJANG, ID_PERGURUAN_TINGGI) VALUES 
('D176', 'PD55', 'JJ3', 'PT21');
INSERT INTO DETAIL_PRODI (ID_DETAIL_PRODI, ID_PRODI, ID_JENJANG, ID_PERGURUAN_TINGGI) VALUES 
('D177', 'PD55', 'JJ3', 'PT22');
INSERT INTO DETAIL_PRODI (ID_DETAIL_PRODI, ID_PRODI, ID_JENJANG, ID_PERGURUAN_TINGGI) VALUES 
('D178', 'PD55', 'JJ3', 'PT23');
INSERT INTO DETAIL_PRODI (ID_DETAIL_PRODI, ID_PRODI, ID_JENJANG, ID_PERGURUAN_TINGGI) VALUES 
('D179', 'PD55', 'JJ3', 'PT24');
INSERT INTO DETAIL_PRODI (ID_DETAIL_PRODI, ID_PRODI, ID_JENJANG, ID_PERGURUAN_TINGGI) VALUES 
('D180', 'PD55', 'JJ3', 'PT25');
INSERT INTO DETAIL_PRODI (ID_DETAIL_PRODI, ID_PRODI, ID_JENJANG, ID_PERGURUAN_TINGGI) VALUES 
('D181', 'PD55', 'JJ3', 'PT26');
INSERT INTO DETAIL_PRODI (ID_DETAIL_PRODI, ID_PRODI, ID_JENJANG, ID_PERGURUAN_TINGGI) VALUES 
('D182', 'PD55', 'JJ3', 'PT27');
INSERT INTO DETAIL_PRODI (ID_DETAIL_PRODI, ID_PRODI, ID_JENJANG, ID_PERGURUAN_TINGGI) VALUES 
('D183', 'PD55', 'JJ3', 'PT28');
INSERT INTO DETAIL_PRODI (ID_DETAIL_PRODI, ID_PRODI, ID_JENJANG, ID_PERGURUAN_TINGGI) VALUES 
('D184', 'PD55', 'JJ3', 'PT29');
INSERT INTO DETAIL_PRODI (ID_DETAIL_PRODI, ID_PRODI, ID_JENJANG, ID_PERGURUAN_TINGGI) VALUES 
('D185', 'PD55', 'JJ3', 'PT30');
INSERT INTO DETAIL_PRODI (ID_DETAIL_PRODI, ID_PRODI, ID_JENJANG, ID_PERGURUAN_TINGGI) VALUES 
('D186', 'PD55', 'JJ3', 'PT31');
INSERT INTO DETAIL_PRODI (ID_DETAIL_PRODI, ID_PRODI, ID_JENJANG, ID_PERGURUAN_TINGGI) VALUES 
('D187', 'PD55', 'JJ3', 'PT32');
INSERT INTO DETAIL_PRODI (ID_DETAIL_PRODI, ID_PRODI, ID_JENJANG, ID_PERGURUAN_TINGGI) VALUES 
('D188', 'PD55', 'JJ3', 'PT33');
INSERT INTO DETAIL_PRODI (ID_DETAIL_PRODI, ID_PRODI, ID_JENJANG, ID_PERGURUAN_TINGGI) VALUES 
('D189', 'PD55', 'JJ3', 'PT34');
INSERT INTO DETAIL_PRODI (ID_DETAIL_PRODI, ID_PRODI, ID_JENJANG, ID_PERGURUAN_TINGGI) VALUES 
('D190', 'PD55', 'JJ3', 'PT35');
INSERT INTO DETAIL_PRODI (ID_DETAIL_PRODI, ID_PRODI, ID_JENJANG, ID_PERGURUAN_TINGGI) VALUES 
('D191', 'PD55', 'JJ3', 'PT36');
INSERT INTO DETAIL_PRODI (ID_DETAIL_PRODI, ID_PRODI, ID_JENJANG, ID_PERGURUAN_TINGGI) VALUES 
('D192', 'PD55', 'JJ3', 'PT37');
INSERT INTO DETAIL_PRODI (ID_DETAIL_PRODI, ID_PRODI, ID_JENJANG, ID_PERGURUAN_TINGGI) VALUES 
('D193', 'PD55', 'JJ3', 'PT38');
INSERT INTO DETAIL_PRODI (ID_DETAIL_PRODI, ID_PRODI, ID_JENJANG, ID_PERGURUAN_TINGGI) VALUES 
('D194', 'PD55', 'JJ3', 'PT39');
INSERT INTO DETAIL_PRODI (ID_DETAIL_PRODI, ID_PRODI, ID_JENJANG, ID_PERGURUAN_TINGGI) VALUES 
('D195', 'PD55', 'JJ3', 'PT40');
INSERT INTO DETAIL_PRODI (ID_DETAIL_PRODI, ID_PRODI, ID_JENJANG, ID_PERGURUAN_TINGGI) VALUES 
('D196', 'PD55', 'JJ3', 'PT41');
INSERT INTO DETAIL_PRODI (ID_DETAIL_PRODI, ID_PRODI, ID_JENJANG, ID_PERGURUAN_TINGGI) VALUES 
('D197', 'PD55', 'JJ3', 'PT42');
INSERT INTO DETAIL_PRODI (ID_DETAIL_PRODI, ID_PRODI, ID_JENJANG, ID_PERGURUAN_TINGGI) VALUES 
('D198', 'PD55', 'JJ3', 'PT43');
INSERT INTO DETAIL_PRODI (ID_DETAIL_PRODI, ID_PRODI, ID_JENJANG, ID_PERGURUAN_TINGGI) VALUES 
('D199', 'PD55', 'JJ3', 'PT44');
INSERT INTO DETAIL_PRODI (ID_DETAIL_PRODI, ID_PRODI, ID_JENJANG, ID_PERGURUAN_TINGGI) VALUES 
('D200', 'PD55', 'JJ3', 'PT45');
INSERT INTO DETAIL_PRODI (ID_DETAIL_PRODI, ID_PRODI, ID_JENJANG, ID_PERGURUAN_TINGGI) VALUES 
('D201', 'PD55', 'JJ3', 'PT46');
INSERT INTO DETAIL_PRODI (ID_DETAIL_PRODI, ID_PRODI, ID_JENJANG, ID_PERGURUAN_TINGGI) VALUES 
('D202', 'PD55', 'JJ3', 'PT47');
INSERT INTO DETAIL_PRODI (ID_DETAIL_PRODI, ID_PRODI, ID_JENJANG, ID_PERGURUAN_TINGGI) VALUES 
('D203', 'PD55', 'JJ3', 'PT48');

--S3
INSERT INTO DETAIL_PRODI (ID_DETAIL_PRODI, ID_PRODI, ID_JENJANG, ID_PERGURUAN_TINGGI) VALUES 
('D204', 'PD55', 'JJ4', 'PT1');

INSERT INTO DETAIL_PRODI (ID_DETAIL_PRODI, ID_PRODI, ID_JENJANG, ID_PERGURUAN_TINGGI) VALUES 
('D205', 'PD55', 'JJ4', 'PT37');
INSERT INTO DETAIL_PRODI (ID_DETAIL_PRODI, ID_PRODI, ID_JENJANG, ID_PERGURUAN_TINGGI) VALUES 
('D206', 'PD55', 'JJ4', 'PT38');
INSERT INTO DETAIL_PRODI (ID_DETAIL_PRODI, ID_PRODI, ID_JENJANG, ID_PERGURUAN_TINGGI) VALUES 
('D207', 'PD55', 'JJ4', 'PT39');
INSERT INTO DETAIL_PRODI (ID_DETAIL_PRODI, ID_PRODI, ID_JENJANG, ID_PERGURUAN_TINGGI) VALUES 
('D208', 'PD55', 'JJ4', 'PT40');
INSERT INTO DETAIL_PRODI (ID_DETAIL_PRODI, ID_PRODI, ID_JENJANG, ID_PERGURUAN_TINGGI) VALUES 
('D209', 'PD55', 'JJ4', 'PT41');
INSERT INTO DETAIL_PRODI (ID_DETAIL_PRODI, ID_PRODI, ID_JENJANG, ID_PERGURUAN_TINGGI) VALUES 
('D210', 'PD55', 'JJ4', 'PT42');
INSERT INTO DETAIL_PRODI (ID_DETAIL_PRODI, ID_PRODI, ID_JENJANG, ID_PERGURUAN_TINGGI) VALUES 
('D211', 'PD55', 'JJ4', 'PT43');
INSERT INTO DETAIL_PRODI (ID_DETAIL_PRODI, ID_PRODI, ID_JENJANG, ID_PERGURUAN_TINGGI) VALUES 
('D212', 'PD55', 'JJ4', 'PT44');
INSERT INTO DETAIL_PRODI (ID_DETAIL_PRODI, ID_PRODI, ID_JENJANG, ID_PERGURUAN_TINGGI) VALUES 
('D213', 'PD55', 'JJ4', 'PT45');
INSERT INTO DETAIL_PRODI (ID_DETAIL_PRODI, ID_PRODI, ID_JENJANG, ID_PERGURUAN_TINGGI) VALUES 
('D214', 'PD55', 'JJ4', 'PT46');
INSERT INTO DETAIL_PRODI (ID_DETAIL_PRODI, ID_PRODI, ID_JENJANG, ID_PERGURUAN_TINGGI) VALUES 
('D215', 'PD55', 'JJ4', 'PT47');
INSERT INTO DETAIL_PRODI (ID_DETAIL_PRODI, ID_PRODI, ID_JENJANG, ID_PERGURUAN_TINGGI) VALUES 
('D216', 'PD55', 'JJ4', 'PT48');



-- beasiswa
INSERT INTO JENIS_BEASISWA (ID_BEASISWA, ID_PENYEDIA, NAMA_BEASISWA, DESKRIPSI_BEASISWA, PERSYARATAN, BESARAN_DANA, TANGGAL_MULAI, TANGGAL_AKHIR) VALUES
('B1', 'PB1', 'Beasiswa Unggulan', 'Beasiswa untuk mahasiswa berprestasi.', 'IPK minimal 3.5', 10000000, TO_DATE('2024-07-01', 'YYYY-MM-DD'), TO_DATE('2025-06-30', 'YYYY-MM-DD'));
INSERT INTO JENIS_BEASISWA (ID_BEASISWA, ID_PENYEDIA, NAMA_BEASISWA, DESKRIPSI_BEASISWA, PERSYARATAN, BESARAN_DANA, TANGGAL_MULAI, TANGGAL_AKHIR) VALUES
('B2', 'PB2', 'Beasiswa Prestasi', 'Beasiswa untuk mahasiswa dengan prestasi akademik.', 'IPK minimal 3.5', 8000000, TO_DATE('2024-07-01', 'YYYY-MM-DD'), TO_DATE('2025-06-30', 'YYYY-MM-DD'));
INSERT INTO JENIS_BEASISWA (ID_BEASISWA, ID_PENYEDIA, NAMA_BEASISWA, DESKRIPSI_BEASISWA, PERSYARATAN, BESARAN_DANA, TANGGAL_MULAI, TANGGAL_AKHIR) VALUES
('B3', 'PB3', 'Beasiswa Riset', 'Beasiswa untuk penelitian ilmiah.', 'Proposal penelitian', 12000000, TO_DATE('2024-08-01', 'YYYY-MM-DD'), TO_DATE('2025-07-31', 'YYYY-MM-DD'));
INSERT INTO JENIS_BEASISWA (ID_BEASISWA, ID_PENYEDIA, NAMA_BEASISWA, DESKRIPSI_BEASISWA, PERSYARATAN, BESARAN_DANA, TANGGAL_MULAI, TANGGAL_AKHIR) VALUES
('B4', 'PB4', 'Beasiswa Seni', 'Beasiswa untuk mahasiswa seni.', 'Portofolio seni', 7000000, TO_DATE('2024-09-01', 'YYYY-MM-DD'), TO_DATE('2025-08-31', 'YYYY-MM-DD'));
INSERT INTO JENIS_BEASISWA (ID_BEASISWA, ID_PENYEDIA, NAMA_BEASISWA, DESKRIPSI_BEASISWA, PERSYARATAN, BESARAN_DANA, TANGGAL_MULAI, TANGGAL_AKHIR) VALUES
('B5', 'PB5', 'Beasiswa Olahraga', 'Beasiswa untuk atlet berprestasi.', 'Sertifikat kejuaraan', 9000000, TO_DATE('2024-10-01', 'YYYY-MM-DD'), TO_DATE('2025-09-30', 'YYYY-MM-DD'));
INSERT INTO JENIS_BEASISWA (ID_BEASISWA, ID_PENYEDIA, NAMA_BEASISWA, DESKRIPSI_BEASISWA, PERSYARATAN, BESARAN_DANA, TANGGAL_MULAI, TANGGAL_AKHIR) VALUES
('B6', 'PB6', 'Beasiswa STEM', 'Beasiswa untuk bidang Sains, Teknologi, Teknik, dan Matematika.', 'IPK minimal 3.3', 11000000, TO_DATE('2024-11-01', 'YYYY-MM-DD'), TO_DATE('2025-10-31', 'YYYY-MM-DD'));
INSERT INTO JENIS_BEASISWA (ID_BEASISWA, ID_PENYEDIA, NAMA_BEASISWA, DESKRIPSI_BEASISWA, PERSYARATAN, BESARAN_DANA, TANGGAL_MULAI, TANGGAL_AKHIR) VALUES
('B7', 'PB7', 'Beasiswa Bahasa', 'Beasiswa untuk studi bahasa.', 'IPK minimal 3.2', 6000000, TO_DATE('2024-12-01', 'YYYY-MM-DD'), TO_DATE('2025-11-30', 'YYYY-MM-DD'));
INSERT INTO JENIS_BEASISWA (ID_BEASISWA, ID_PENYEDIA, NAMA_BEASISWA, DESKRIPSI_BEASISWA, PERSYARATAN, BESARAN_DANA, TANGGAL_MULAI, TANGGAL_AKHIR) VALUES
('B8', 'PB8', 'Beasiswa Pembangunan', 'Beasiswa untuk studi pembangunan.', 'Proposal penelitian', 10000000, TO_DATE('2025-01-01', 'YYYY-MM-DD'), TO_DATE('2025-12-31', 'YYYY-MM-DD'));
INSERT INTO JENIS_BEASISWA (ID_BEASISWA, ID_PENYEDIA, NAMA_BEASISWA, DESKRIPSI_BEASISWA, PERSYARATAN, BESARAN_DANA, TANGGAL_MULAI, TANGGAL_AKHIR) VALUES
('B9', 'PB9', 'Beasiswa Pendidikan', 'Beasiswa untuk calon guru.', 'IPK minimal 3.5', 8000000, TO_DATE('2025-02-01', 'YYYY-MM-DD'), TO_DATE('2026-01-31', 'YYYY-MM-DD'));
INSERT INTO JENIS_BEASISWA (ID_BEASISWA, ID_PENYEDIA, NAMA_BEASISWA, DESKRIPSI_BEASISWA, PERSYARATAN, BESARAN_DANA, TANGGAL_MULAI, TANGGAL_AKHIR) VALUES
('B10', 'PB10', 'Beasiswa Sosial', 'Beasiswa untuk studi ilmu sosial.', 'IPK minimal 3.4', 7000000, TO_DATE('2025-03-01', 'YYYY-MM-DD'), TO_DATE('2026-02-28', 'YYYY-MM-DD'));
INSERT INTO JENIS_BEASISWA (ID_BEASISWA, ID_PENYEDIA, NAMA_BEASISWA, DESKRIPSI_BEASISWA, PERSYARATAN, BESARAN_DANA, TANGGAL_MULAI, TANGGAL_AKHIR) VALUES
('B11', 'PB11', 'Beasiswa Komunitas', 'Beasiswa untuk anggota komunitas.', 'Rekomendasi komunitas', 5000000, TO_DATE('2025-04-01', 'YYYY-MM-DD'), TO_DATE('2026-03-31', 'YYYY-MM-DD'));
INSERT INTO JENIS_BEASISWA (ID_BEASISWA, ID_PENYEDIA, NAMA_BEASISWA, DESKRIPSI_BEASISWA, PERSYARATAN, BESARAN_DANA, TANGGAL_MULAI, TANGGAL_AKHIR) VALUES
('B12', 'PB12', 'Beasiswa Nasional', 'Beasiswa untuk mahasiswa berprestasi di tingkat nasional.', 'IPK minimal 3.6', 15000000, TO_DATE('2025-05-01', 'YYYY-MM-DD'), TO_DATE('2026-04-30', 'YYYY-MM-DD'));
INSERT INTO JENIS_BEASISWA (ID_BEASISWA, ID_PENYEDIA, NAMA_BEASISWA, DESKRIPSI_BEASISWA, PERSYARATAN, BESARAN_DANA, TANGGAL_MULAI, TANGGAL_AKHIR) VALUES
('B13', 'PB13', 'Beasiswa Internasional', 'Beasiswa untuk studi di luar negeri.', 'TOEFL/IELTS', 20000000, TO_DATE('2025-06-01', 'YYYY-MM-DD'), TO_DATE('2026-05-31', 'YYYY-MM-DD'));
INSERT INTO JENIS_BEASISWA (ID_BEASISWA, ID_PENYEDIA, NAMA_BEASISWA, DESKRIPSI_BEASISWA, PERSYARATAN, BESARAN_DANA, TANGGAL_MULAI, TANGGAL_AKHIR) VALUES
('B14', 'PB14', 'Beasiswa Anak Bangsa', 'Beasiswa untuk putra-putri daerah.', 'IPK minimal 3.2', 7000000, TO_DATE('2025-07-01', 'YYYY-MM-DD'), TO_DATE('2026-06-30', 'YYYY-MM-DD'));
INSERT INTO JENIS_BEASISWA (ID_BEASISWA, ID_PENYEDIA, NAMA_BEASISWA, DESKRIPSI_BEASISWA, PERSYARATAN, BESARAN_DANA, TANGGAL_MULAI, TANGGAL_AKHIR) VALUES
('B15', 'PB15', 'Beasiswa Inovasi', 'Beasiswa untuk proyek inovatif.', 'Proposal inovasi', 13000000, TO_DATE('2025-08-01', 'YYYY-MM-DD'), TO_DATE('2026-07-31', 'YYYY-MM-DD'));
INSERT INTO JENIS_BEASISWA (ID_BEASISWA, ID_PENYEDIA, NAMA_BEASISWA, DESKRIPSI_BEASISWA, PERSYARATAN, BESARAN_DANA, TANGGAL_MULAI, TANGGAL_AKHIR) VALUES
('B16', 'PB16', 'Beasiswa Profesional', 'Beasiswa untuk pengembangan profesional.', 'Pengalaman kerja', 9000000, TO_DATE('2025-09-01', 'YYYY-MM-DD'), TO_DATE('2026-08-31', 'YYYY-MM-DD'));
INSERT INTO JENIS_BEASISWA (ID_BEASISWA, ID_PENYEDIA, NAMA_BEASISWA, DESKRIPSI_BEASISWA, PERSYARATAN, BESARAN_DANA, TANGGAL_MULAI, TANGGAL_AKHIR) VALUES
('B17', 'PB17', 'Beasiswa Dedikasi', 'Beasiswa untuk pengabdian masyarakat.', 'Proposal pengabdian', 8000000, TO_DATE('2025-10-01', 'YYYY-MM-DD'), TO_DATE('2026-09-30', 'YYYY-MM-DD'));
INSERT INTO JENIS_BEASISWA (ID_BEASISWA, ID_PENYEDIA, NAMA_BEASISWA, DESKRIPSI_BEASISWA, PERSYARATAN, BESARAN_DANA, TANGGAL_MULAI, TANGGAL_AKHIR) VALUES
('B18', 'PB18', 'Beasiswa Berdaya', 'Beasiswa untuk pemberdayaan komunitas.', 'Proposal pemberdayaan', 10000000, TO_DATE('2025-11-01', 'YYYY-MM-DD'), TO_DATE('2026-10-31', 'YYYY-MM-DD'));
INSERT INTO JENIS_BEASISWA (ID_BEASISWA, ID_PENYEDIA, NAMA_BEASISWA, DESKRIPSI_BEASISWA, PERSYARATAN, BESARAN_DANA, TANGGAL_MULAI, TANGGAL_AKHIR) VALUES
('B19', 'PB19', 'Beasiswa Informasi', 'Beasiswa untuk teknologi informasi.', 'IPK minimal 3.4', 12000000, TO_DATE('2025-12-01', 'YYYY-MM-DD'), TO_DATE('2026-11-30', 'YYYY-MM-DD'));
INSERT INTO JENIS_BEASISWA (ID_BEASISWA, ID_PENYEDIA, NAMA_BEASISWA, DESKRIPSI_BEASISWA, PERSYARATAN, BESARAN_DANA, TANGGAL_MULAI, TANGGAL_AKHIR) VALUES
('B20', 'PB20', 'Beasiswa Harapan Bangsa', 'Beasiswa untuk pemuda berprestasi.', 'IPK minimal 3.5', 15000000, TO_DATE('2026-01-01', 'YYYY-MM-DD'), TO_DATE('2026-12-31', 'YYYY-MM-DD'));
INSERT INTO JENIS_BEASISWA (ID_BEASISWA, ID_PENYEDIA, NAMA_BEASISWA, DESKRIPSI_BEASISWA, PERSYARATAN, BESARAN_DANA, TANGGAL_MULAI, TANGGAL_AKHIR) VALUES
('B21', 'PB21', 'Beasiswa Indonesia Maju', 'Beasiswa untuk mahasiswa berprestasi di Indonesia.', 'IPK minimal 3.6', 10000000, TO_DATE('2026-02-01', 'YYYY-MM-DD'), TO_DATE('2027-01-31', 'YYYY-MM-DD'));
INSERT INTO JENIS_BEASISWA (ID_BEASISWA, ID_PENYEDIA, NAMA_BEASISWA, DESKRIPSI_BEASISWA, PERSYARATAN, BESARAN_DANA, TANGGAL_MULAI, TANGGAL_AKHIR) VALUES
('B22', 'PB22', 'Beasiswa Riset Pendidikan', 'Beasiswa untuk riset pendidikan.', 'Proposal riset', 14000000, TO_DATE('2026-03-01', 'YYYY-MM-DD'), TO_DATE('2027-02-28', 'YYYY-MM-DD'));
INSERT INTO JENIS_BEASISWA (ID_BEASISWA, ID_PENYEDIA, NAMA_BEASISWA, DESKRIPSI_BEASISWA, PERSYARATAN, BESARAN_DANA, TANGGAL_MULAI, TANGGAL_AKHIR) VALUES
('B23', 'PB23', 'Beasiswa Edukasi Mandiri', 'Beasiswa untuk pendidikan mandiri.', 'IPK minimal 3.2', 9000000, TO_DATE('2026-04-01', 'YYYY-MM-DD'), TO_DATE('2027-03-31', 'YYYY-MM-DD'));
INSERT INTO JENIS_BEASISWA (ID_BEASISWA, ID_PENYEDIA, NAMA_BEASISWA, DESKRIPSI_BEASISWA, PERSYARATAN, BESARAN_DANA, TANGGAL_MULAI, TANGGAL_AKHIR) VALUES
('B24', 'PB24', 'Beasiswa Inovasi Pendidikan', 'Beasiswa untuk inovasi dalam pendidikan.', 'Proposal inovasi', 13000000, TO_DATE('2026-05-01', 'YYYY-MM-DD'), TO_DATE('2027-04-30', 'YYYY-MM-DD'));
INSERT INTO JENIS_BEASISWA (ID_BEASISWA, ID_PENYEDIA, NAMA_BEASISWA, DESKRIPSI_BEASISWA, PERSYARATAN, BESARAN_DANA, TANGGAL_MULAI, TANGGAL_AKHIR) VALUES
('B25', 'PB25', 'Beasiswa Kajian Pendidikan', 'Beasiswa untuk kajian pendidikan.', 'Proposal kajian', 12000000, TO_DATE('2026-06-01', 'YYYY-MM-DD'), TO_DATE('2027-05-31', 'YYYY-MM-DD'));
INSERT INTO JENIS_BEASISWA (ID_BEASISWA, ID_PENYEDIA, NAMA_BEASISWA, DESKRIPSI_BEASISWA, PERSYARATAN, BESARAN_DANA, TANGGAL_MULAI, TANGGAL_AKHIR) VALUES
('B26', 'PB26', 'Beasiswa Cerdas Berkarya', 'Beasiswa untuk karya kreatif.', 'Portofolio karya', 7000000, TO_DATE('2026-07-01', 'YYYY-MM-DD'), TO_DATE('2027-06-30', 'YYYY-MM-DD'));
INSERT INTO JENIS_BEASISWA (ID_BEASISWA, ID_PENYEDIA, NAMA_BEASISWA, DESKRIPSI_BEASISWA, PERSYARATAN, BESARAN_DANA, TANGGAL_MULAI, TANGGAL_AKHIR) VALUES
('B27', 'PB27', 'Beasiswa Peduli Pendidikan', 'Beasiswa untuk peduli pendidikan.', 'Proposal pengabdian', 10000000, TO_DATE('2026-08-01', 'YYYY-MM-DD'), TO_DATE('2027-07-31', 'YYYY-MM-DD'));
INSERT INTO JENIS_BEASISWA (ID_BEASISWA, ID_PENYEDIA, NAMA_BEASISWA, DESKRIPSI_BEASISWA, PERSYARATAN, BESARAN_DANA, TANGGAL_MULAI, TANGGAL_AKHIR) VALUES
('B28', 'PB28', 'Beasiswa Kebijakan Pendidikan', 'Beasiswa untuk studi kebijakan pendidikan.', 'Proposal kebijakan', 15000000, TO_DATE('2026-09-01', 'YYYY-MM-DD'), TO_DATE('2027-08-31', 'YYYY-MM-DD'));
INSERT INTO JENIS_BEASISWA (ID_BEASISWA, ID_PENYEDIA, NAMA_BEASISWA, DESKRIPSI_BEASISWA, PERSYARATAN, BESARAN_DANA, TANGGAL_MULAI, TANGGAL_AKHIR) VALUES
('B29', 'PB29', 'Beasiswa Pengembangan Pendidikan', 'Beasiswa untuk pengembangan pendidikan.', 'IPK minimal 3.3', 11000000, TO_DATE('2026-10-01', 'YYYY-MM-DD'), TO_DATE('2027-09-30', 'YYYY-MM-DD'));
INSERT INTO JENIS_BEASISWA (ID_BEASISWA, ID_PENYEDIA, NAMA_BEASISWA, DESKRIPSI_BEASISWA, PERSYARATAN, BESARAN_DANA, TANGGAL_MULAI, TANGGAL_AKHIR) VALUES
('B30', 'PB30', 'Beasiswa Bantuan Pendidikan', 'Beasiswa untuk bantuan pendidikan.', 'IPK minimal 3.2', 8000000, TO_DATE('2026-11-01', 'YYYY-MM-DD'), TO_DATE('2027-10-31', 'YYYY-MM-DD'));
INSERT INTO JENIS_BEASISWA (ID_BEASISWA, ID_PENYEDIA, NAMA_BEASISWA, DESKRIPSI_BEASISWA, PERSYARATAN, BESARAN_DANA, TANGGAL_MULAI, TANGGAL_AKHIR) VALUES
('B31', 'PB31', 'Beasiswa Mandiri', 'Beasiswa untuk pendidikan mandiri.', 'IPK minimal 3.4', 9000000, TO_DATE('2026-12-01', 'YYYY-MM-DD'), TO_DATE('2027-11-30', 'YYYY-MM-DD'));
INSERT INTO JENIS_BEASISWA (ID_BEASISWA, ID_PENYEDIA, NAMA_BEASISWA, DESKRIPSI_BEASISWA, PERSYARATAN, BESARAN_DANA, TANGGAL_MULAI, TANGGAL_AKHIR) VALUES
('B32', 'PB32', 'Beasiswa Penelitian Pendidikan', 'Beasiswa untuk penelitian pendidikan.', 'Proposal penelitian', 14000000, TO_DATE('2027-01-01', 'YYYY-MM-DD'), TO_DATE('2027-12-31', 'YYYY-MM-DD'));
INSERT INTO JENIS_BEASISWA (ID_BEASISWA, ID_PENYEDIA, NAMA_BEASISWA, DESKRIPSI_BEASISWA, PERSYARATAN, BESARAN_DANA, TANGGAL_MULAI, TANGGAL_AKHIR) VALUES
('B33', 'PB33', 'Beasiswa Kreatif Indonesia', 'Beasiswa untuk karya kreatif di Indonesia.', 'Portofolio karya', 7000000, TO_DATE('2027-02-01', 'YYYY-MM-DD'), TO_DATE('2028-01-31', 'YYYY-MM-DD'));
INSERT INTO JENIS_BEASISWA (ID_BEASISWA, ID_PENYEDIA, NAMA_BEASISWA, DESKRIPSI_BEASISWA, PERSYARATAN, BESARAN_DANA, TANGGAL_MULAI, TANGGAL_AKHIR) VALUES
('B34', 'PB34', 'Beasiswa Inklusif', 'Beasiswa untuk pendidikan inklusif.', 'IPK minimal 3.3', 12000000, TO_DATE('2027-03-01', 'YYYY-MM-DD'), TO_DATE('2028-02-29', 'YYYY-MM-DD'));
INSERT INTO JENIS_BEASISWA (ID_BEASISWA, ID_PENYEDIA, NAMA_BEASISWA, DESKRIPSI_BEASISWA, PERSYARATAN, BESARAN_DANA, TANGGAL_MULAI, TANGGAL_AKHIR) VALUES
('B35', 'PB35', 'Beasiswa Cerdas', 'Beasiswa untuk kecerdasan akademik.', 'IPK minimal 3.5', 13000000, TO_DATE('2027-04-01', 'YYYY-MM-DD'), TO_DATE('2028-03-31', 'YYYY-MM-DD'));
INSERT INTO JENIS_BEASISWA (ID_BEASISWA, ID_PENYEDIA, NAMA_BEASISWA, DESKRIPSI_BEASISWA, PERSYARATAN, BESARAN_DANA, TANGGAL_MULAI, TANGGAL_AKHIR) VALUES
('B36', 'PB36', 'Beasiswa Kualitas Indonesia', 'Beasiswa untuk peningkatan kualitas pendidikan.', 'IPK minimal 3.4', 11000000, TO_DATE('2027-05-01', 'YYYY-MM-DD'), TO_DATE('2028-04-30', 'YYYY-MM-DD'));
INSERT INTO JENIS_BEASISWA (ID_BEASISWA, ID_PENYEDIA, NAMA_BEASISWA, DESKRIPSI_BEASISWA, PERSYARATAN, BESARAN_DANA, TANGGAL_MULAI, TANGGAL_AKHIR) VALUES
('B37', 'PB37', 'Beasiswa Studi Terapan', 'Beasiswa untuk studi terapan.', 'Proposal studi', 10000000, TO_DATE('2027-06-01', 'YYYY-MM-DD'), TO_DATE('2028-05-31', 'YYYY-MM-DD'));
INSERT INTO JENIS_BEASISWA (ID_BEASISWA, ID_PENYEDIA, NAMA_BEASISWA, DESKRIPSI_BEASISWA, PERSYARATAN, BESARAN_DANA, TANGGAL_MULAI, TANGGAL_AKHIR) VALUES
('B38', 'PB38', 'Beasiswa Sejahtera', 'Beasiswa untuk kesejahteraan pendidikan.', 'IPK minimal 3.2', 8000000, TO_DATE('2027-07-01', 'YYYY-MM-DD'), TO_DATE('2028-06-30', 'YYYY-MM-DD'));
INSERT INTO JENIS_BEASISWA (ID_BEASISWA, ID_PENYEDIA, NAMA_BEASISWA, DESKRIPSI_BEASISWA, PERSYARATAN, BESARAN_DANA, TANGGAL_MULAI, TANGGAL_AKHIR) VALUES
('B39', 'PB39', 'Beasiswa Masa Depan', 'Beasiswa untuk pendidikan masa depan.', 'IPK minimal 3.4', 9000000, TO_DATE('2027-08-01', 'YYYY-MM-DD'), TO_DATE('2028-07-31', 'YYYY-MM-DD'));
INSERT INTO JENIS_BEASISWA (ID_BEASISWA, ID_PENYEDIA, NAMA_BEASISWA, DESKRIPSI_BEASISWA, PERSYARATAN, BESARAN_DANA, TANGGAL_MULAI, TANGGAL_AKHIR) VALUES
('B40', 'PB40', 'Beasiswa Nasional Mandiri', 'Beasiswa untuk pendidikan nasional.', 'IPK minimal 3.5', 12000000, TO_DATE('2027-09-01', 'YYYY-MM-DD'), TO_DATE('2028-08-31', 'YYYY-MM-DD'));
INSERT INTO JENIS_BEASISWA (ID_BEASISWA, ID_PENYEDIA, NAMA_BEASISWA, DESKRIPSI_BEASISWA, PERSYARATAN, BESARAN_DANA, TANGGAL_MULAI, TANGGAL_AKHIR) VALUES
('B41', 'PB41', 'Beasiswa Anak Bangsa', 'Beasiswa untuk putra-putri bangsa.', 'IPK minimal 3.2', 8000000, TO_DATE('2027-10-01', 'YYYY-MM-DD'), TO_DATE('2028-09-30', 'YYYY-MM-DD'));
INSERT INTO JENIS_BEASISWA (ID_BEASISWA, ID_PENYEDIA, NAMA_BEASISWA, DESKRIPSI_BEASISWA, PERSYARATAN, BESARAN_DANA, TANGGAL_MULAI, TANGGAL_AKHIR) VALUES
('B42', 'PB42', 'Beasiswa Pendidikan Mandiri', 'Beasiswa untuk pendidikan mandiri.', 'IPK minimal 3.3', 10000000, TO_DATE('2027-11-01', 'YYYY-MM-DD'), TO_DATE('2028-10-31', 'YYYY-MM-DD'));
INSERT INTO JENIS_BEASISWA (ID_BEASISWA, ID_PENYEDIA, NAMA_BEASISWA, DESKRIPSI_BEASISWA, PERSYARATAN, BESARAN_DANA, TANGGAL_MULAI, TANGGAL_AKHIR) VALUES
('B43', 'PB43', 'Beasiswa Pengembangan Nasional', 'Beasiswa untuk pengembangan pendidikan nasional.', 'IPK minimal 3.5', 13000000, TO_DATE('2027-12-01', 'YYYY-MM-DD'), TO_DATE('2028-11-30', 'YYYY-MM-DD'));
INSERT INTO JENIS_BEASISWA (ID_BEASISWA, ID_PENYEDIA, NAMA_BEASISWA, DESKRIPSI_BEASISWA, PERSYARATAN, BESARAN_DANA, TANGGAL_MULAI, TANGGAL_AKHIR) VALUES
('B44', 'PB44', 'Beasiswa Edukasi Berkualitas', 'Beasiswa untuk pendidikan berkualitas.', 'IPK minimal 3.4', 12000000, TO_DATE('2028-01-01', 'YYYY-MM-DD'), TO_DATE('2028-12-31', 'YYYY-MM-DD'));
INSERT INTO JENIS_BEASISWA (ID_BEASISWA, ID_PENYEDIA, NAMA_BEASISWA, DESKRIPSI_BEASISWA, PERSYARATAN, BESARAN_DANA, TANGGAL_MULAI, TANGGAL_AKHIR) VALUES
('B45', 'PB45', 'Beasiswa Cerdas Bangsa', 'Beasiswa untuk kecerdasan bangsa.', 'IPK minimal 3.3', 9000000, TO_DATE('2028-02-01', 'YYYY-MM-DD'), TO_DATE('2029-01-31', 'YYYY-MM-DD'));
INSERT INTO JENIS_BEASISWA (ID_BEASISWA, ID_PENYEDIA, NAMA_BEASISWA, DESKRIPSI_BEASISWA, PERSYARATAN, BESARAN_DANA, TANGGAL_MULAI, TANGGAL_AKHIR) VALUES
('B46', 'PB46', 'Beasiswa Studi Indonesia', 'Beasiswa untuk studi di Indonesia.', 'IPK minimal 3.5', 11000000, TO_DATE('2028-03-01', 'YYYY-MM-DD'), TO_DATE('2029-02-28', 'YYYY-MM-DD'));
INSERT INTO JENIS_BEASISWA (ID_BEASISWA, ID_PENYEDIA, NAMA_BEASISWA, DESKRIPSI_BEASISWA, PERSYARATAN, BESARAN_DANA, TANGGAL_MULAI, TANGGAL_AKHIR) VALUES
('B47', 'PB47', 'Beasiswa Berkualitas Indonesia', 'Beasiswa untuk pendidikan berkualitas di Indonesia.', 'IPK minimal 3.4', 10000000, TO_DATE('2028-04-01', 'YYYY-MM-DD'), TO_DATE('2029-03-31', 'YYYY-MM-DD'));
INSERT INTO JENIS_BEASISWA (ID_BEASISWA, ID_PENYEDIA, NAMA_BEASISWA, DESKRIPSI_BEASISWA, PERSYARATAN, BESARAN_DANA, TANGGAL_MULAI, TANGGAL_AKHIR) VALUES
('B48', 'PB48', 'Beasiswa Bina Bangsa', 'Beasiswa untuk pembinaan bangsa.', 'IPK minimal 3.3', 9000000, TO_DATE('2028-05-01', 'YYYY-MM-DD'), TO_DATE('2029-04-30', 'YYYY-MM-DD'));
INSERT INTO JENIS_BEASISWA (ID_BEASISWA, ID_PENYEDIA, NAMA_BEASISWA, DESKRIPSI_BEASISWA, PERSYARATAN, BESARAN_DANA, TANGGAL_MULAI, TANGGAL_AKHIR) VALUES
('B49', 'PB49', 'Beasiswa Kreatif Anak Bangsa', 'Beasiswa untuk anak bangsa yang kreatif.', 'Portofolio karya', 8000000, TO_DATE('2028-06-01', 'YYYY-MM-DD'), TO_DATE('2029-05-31', 'YYYY-MM-DD'));
INSERT INTO JENIS_BEASISWA (ID_BEASISWA, ID_PENYEDIA, NAMA_BEASISWA, DESKRIPSI_BEASISWA, PERSYARATAN, BESARAN_DANA, TANGGAL_MULAI, TANGGAL_AKHIR) VALUES
('B50', 'PB50', 'Beasiswa Bangsa Maju', 'Beasiswa untuk bangsa yang maju.', 'IPK minimal 3.4', 10000000, TO_DATE('2028-07-01', 'YYYY-MM-DD'), TO_DATE('2029-06-30', 'YYYY-MM-DD'));



--Beasiswa dan Jenjang
INSERT INTO BEASISWA_JENJANG (ID_BEA_JENJANG, ID_BEASISWA, ID_JENJANG) VALUES 
('BJ1', 'B1', 'JJ1');
INSERT INTO BEASISWA_JENJANG (ID_BEA_JENJANG, ID_BEASISWA, ID_JENJANG) VALUES 
('BJ2', 'B1', 'JJ2');
INSERT INTO BEASISWA_JENJANG (ID_BEA_JENJANG, ID_BEASISWA, ID_JENJANG) VALUES 
('BJ3', 'B1', 'JJ3');
INSERT INTO BEASISWA_JENJANG (ID_BEA_JENJANG, ID_BEASISWA, ID_JENJANG) VALUES 
('BJ4', 'B1', 'JJ4');
INSERT INTO BEASISWA_JENJANG (ID_BEA_JENJANG, ID_BEASISWA, ID_JENJANG) VALUES 
('BJ5', 'B2', 'JJ1');
INSERT INTO BEASISWA_JENJANG (ID_BEA_JENJANG, ID_BEASISWA, ID_JENJANG) VALUES 
('BJ6', 'B3', 'JJ1');
INSERT INTO BEASISWA_JENJANG (ID_BEA_JENJANG, ID_BEASISWA, ID_JENJANG) VALUES 
('BJ7', 'B4', 'JJ1');
INSERT INTO BEASISWA_JENJANG (ID_BEA_JENJANG, ID_BEASISWA, ID_JENJANG) VALUES 
('BJ8', 'B5', 'JJ1');
INSERT INTO BEASISWA_JENJANG (ID_BEA_JENJANG, ID_BEASISWA, ID_JENJANG) VALUES 
('BJ9', 'B6', 'JJ1');
INSERT INTO BEASISWA_JENJANG (ID_BEA_JENJANG, ID_BEASISWA, ID_JENJANG) VALUES 
('BJ10', 'B7', 'JJ1');
INSERT INTO BEASISWA_JENJANG (ID_BEA_JENJANG, ID_BEASISWA, ID_JENJANG) VALUES 
('BJ11', 'B8', 'JJ1');
INSERT INTO BEASISWA_JENJANG (ID_BEA_JENJANG, ID_BEASISWA, ID_JENJANG) VALUES 
('BJ12', 'B9', 'JJ1');
INSERT INTO BEASISWA_JENJANG (ID_BEA_JENJANG, ID_BEASISWA, ID_JENJANG) VALUES 
('BJ13', 'B10', 'JJ1');

INSERT INTO BEASISWA_JENJANG (ID_BEA_JENJANG, ID_BEASISWA, ID_JENJANG) VALUES
('BJ14', 'B11', 'JJ1');
INSERT INTO BEASISWA_JENJANG (ID_BEA_JENJANG, ID_BEASISWA, ID_JENJANG) VALUES
('BJ15', 'B11', 'JJ2');
INSERT INTO BEASISWA_JENJANG (ID_BEA_JENJANG, ID_BEASISWA, ID_JENJANG) VALUES 
('BJ16', 'B12', 'JJ1');
INSERT INTO BEASISWA_JENJANG (ID_BEA_JENJANG, ID_BEASISWA, ID_JENJANG) VALUES
('BJ17', 'B12', 'JJ2');
INSERT INTO BEASISWA_JENJANG (ID_BEA_JENJANG, ID_BEASISWA, ID_JENJANG) VALUES
('BJ18', 'B13', 'JJ1');
INSERT INTO BEASISWA_JENJANG (ID_BEA_JENJANG, ID_BEASISWA, ID_JENJANG) VALUES
('BJ19', 'B13', 'JJ2');
INSERT INTO BEASISWA_JENJANG (ID_BEA_JENJANG, ID_BEASISWA, ID_JENJANG) VALUES
('BJ20', 'B14', 'JJ1');
INSERT INTO BEASISWA_JENJANG (ID_BEA_JENJANG, ID_BEASISWA, ID_JENJANG) VALUES
('BJ21', 'B14', 'JJ2');
INSERT INTO BEASISWA_JENJANG (ID_BEA_JENJANG, ID_BEASISWA, ID_JENJANG) VALUES
('BJ22', 'B15', 'JJ1');
INSERT INTO BEASISWA_JENJANG (ID_BEA_JENJANG, ID_BEASISWA, ID_JENJANG) VALUES
('BJ23', 'B15', 'JJ2');
INSERT INTO BEASISWA_JENJANG (ID_BEA_JENJANG, ID_BEASISWA, ID_JENJANG) VALUES
('BJ24', 'B16', 'JJ1');
INSERT INTO BEASISWA_JENJANG (ID_BEA_JENJANG, ID_BEASISWA, ID_JENJANG) VALUES
('BJ25', 'B16', 'JJ2');
INSERT INTO BEASISWA_JENJANG (ID_BEA_JENJANG, ID_BEASISWA, ID_JENJANG) VALUES
('BJ26', 'B17', 'JJ1');
INSERT INTO BEASISWA_JENJANG (ID_BEA_JENJANG, ID_BEASISWA, ID_JENJANG) VALUES
('BJ27', 'B17', 'JJ2');
INSERT INTO BEASISWA_JENJANG (ID_BEA_JENJANG, ID_BEASISWA, ID_JENJANG) VALUES
('BJ28', 'B18', 'JJ1');
INSERT INTO BEASISWA_JENJANG (ID_BEA_JENJANG, ID_BEASISWA, ID_JENJANG) VALUES
('BJ29', 'B18', 'JJ2');
INSERT INTO BEASISWA_JENJANG (ID_BEA_JENJANG, ID_BEASISWA, ID_JENJANG) VALUES
('BJ30', 'B19', 'JJ1');
INSERT INTO BEASISWA_JENJANG (ID_BEA_JENJANG, ID_BEASISWA, ID_JENJANG) VALUES
('BJ31', 'B19', 'JJ2');
INSERT INTO BEASISWA_JENJANG (ID_BEA_JENJANG, ID_BEASISWA, ID_JENJANG) VALUES
('BJ32', 'B20', 'JJ1');
INSERT INTO BEASISWA_JENJANG (ID_BEA_JENJANG, ID_BEASISWA, ID_JENJANG) VALUES
('BJ33', 'B20', 'JJ2');

INSERT INTO BEASISWA_JENJANG (ID_BEA_JENJANG, ID_BEASISWA, ID_JENJANG) VALUES
('BJ34', 'B21', 'JJ1');
INSERT INTO BEASISWA_JENJANG (ID_BEA_JENJANG, ID_BEASISWA, ID_JENJANG) VALUES
('BJ35', 'B21', 'JJ3');
INSERT INTO BEASISWA_JENJANG (ID_BEA_JENJANG, ID_BEASISWA, ID_JENJANG) VALUES 
('BJ36', 'B22', 'JJ1');
INSERT INTO BEASISWA_JENJANG (ID_BEA_JENJANG, ID_BEASISWA, ID_JENJANG) VALUES
('BJ37', 'B22', 'JJ3');
INSERT INTO BEASISWA_JENJANG (ID_BEA_JENJANG, ID_BEASISWA, ID_JENJANG) VALUES
('BJ38', 'B23', 'JJ1');
INSERT INTO BEASISWA_JENJANG (ID_BEA_JENJANG, ID_BEASISWA, ID_JENJANG) VALUES
('BJ39', 'B23', 'JJ3');
INSERT INTO BEASISWA_JENJANG (ID_BEA_JENJANG, ID_BEASISWA, ID_JENJANG) VALUES
('BJ40', 'B24', 'JJ1');
INSERT INTO BEASISWA_JENJANG (ID_BEA_JENJANG, ID_BEASISWA, ID_JENJANG) VALUES
('BJ41', 'B24', 'JJ3');
INSERT INTO BEASISWA_JENJANG (ID_BEA_JENJANG, ID_BEASISWA, ID_JENJANG) VALUES
('BJ42', 'B25', 'JJ1');
INSERT INTO BEASISWA_JENJANG (ID_BEA_JENJANG, ID_BEASISWA, ID_JENJANG) VALUES
('BJ43', 'B25', 'JJ3');
INSERT INTO BEASISWA_JENJANG (ID_BEA_JENJANG, ID_BEASISWA, ID_JENJANG) VALUES
('BJ44', 'B26', 'JJ1');
INSERT INTO BEASISWA_JENJANG (ID_BEA_JENJANG, ID_BEASISWA, ID_JENJANG) VALUES
('BJ45', 'B26', 'JJ3');
INSERT INTO BEASISWA_JENJANG (ID_BEA_JENJANG, ID_BEASISWA, ID_JENJANG) VALUES
('BJ46', 'B27', 'JJ1');
INSERT INTO BEASISWA_JENJANG (ID_BEA_JENJANG, ID_BEASISWA, ID_JENJANG) VALUES
('BJ47', 'B27', 'JJ3');
INSERT INTO BEASISWA_JENJANG (ID_BEA_JENJANG, ID_BEASISWA, ID_JENJANG) VALUES
('BJ48', 'B28', 'JJ1');
INSERT INTO BEASISWA_JENJANG (ID_BEA_JENJANG, ID_BEASISWA, ID_JENJANG) VALUES
('BJ49', 'B28', 'JJ3');
INSERT INTO BEASISWA_JENJANG (ID_BEA_JENJANG, ID_BEASISWA, ID_JENJANG) VALUES
('BJ50', 'B29', 'JJ1');
INSERT INTO BEASISWA_JENJANG (ID_BEA_JENJANG, ID_BEASISWA, ID_JENJANG) VALUES
('BJ51', 'B29', 'JJ3');
INSERT INTO BEASISWA_JENJANG (ID_BEA_JENJANG, ID_BEASISWA, ID_JENJANG) VALUES
('BJ52', 'B30', 'JJ1');
INSERT INTO BEASISWA_JENJANG (ID_BEA_JENJANG, ID_BEASISWA, ID_JENJANG) VALUES
('BJ53', 'B30', 'JJ3');

INSERT INTO BEASISWA_JENJANG (ID_BEA_JENJANG, ID_BEASISWA, ID_JENJANG) VALUES 
('BJ54', 'B31', 'JJ1');
INSERT INTO BEASISWA_JENJANG (ID_BEA_JENJANG, ID_BEASISWA, ID_JENJANG) VALUES
('BJ55', 'B31', 'JJ4');
INSERT INTO BEASISWA_JENJANG (ID_BEA_JENJANG, ID_BEASISWA, ID_JENJANG) VALUES
('BJ56', 'B32', 'JJ1');
INSERT INTO BEASISWA_JENJANG (ID_BEA_JENJANG, ID_BEASISWA, ID_JENJANG) VALUES
('BJ57', 'B32', 'JJ4');
INSERT INTO BEASISWA_JENJANG (ID_BEA_JENJANG, ID_BEASISWA, ID_JENJANG) VALUES
('BJ58', 'B33', 'JJ1');
INSERT INTO BEASISWA_JENJANG (ID_BEA_JENJANG, ID_BEASISWA, ID_JENJANG) VALUES
('BJ59', 'B33', 'JJ4');
INSERT INTO BEASISWA_JENJANG (ID_BEA_JENJANG, ID_BEASISWA, ID_JENJANG) VALUES
('BJ60', 'B34', 'JJ1');
INSERT INTO BEASISWA_JENJANG (ID_BEA_JENJANG, ID_BEASISWA, ID_JENJANG) VALUES
('BJ61', 'B34', 'JJ4');
INSERT INTO BEASISWA_JENJANG (ID_BEA_JENJANG, ID_BEASISWA, ID_JENJANG) VALUES
('BJ62', 'B35', 'JJ1');
INSERT INTO BEASISWA_JENJANG (ID_BEA_JENJANG, ID_BEASISWA, ID_JENJANG) VALUES
('BJ63', 'B35', 'JJ4');
INSERT INTO BEASISWA_JENJANG (ID_BEA_JENJANG, ID_BEASISWA, ID_JENJANG) VALUES
('BJ64', 'B36', 'JJ1');
INSERT INTO BEASISWA_JENJANG (ID_BEA_JENJANG, ID_BEASISWA, ID_JENJANG) VALUES
('BJ65', 'B36', 'JJ4');
INSERT INTO BEASISWA_JENJANG (ID_BEA_JENJANG, ID_BEASISWA, ID_JENJANG) VALUES
('BJ66', 'B37', 'JJ1');
INSERT INTO BEASISWA_JENJANG (ID_BEA_JENJANG, ID_BEASISWA, ID_JENJANG) VALUES
('BJ67', 'B37', 'JJ4');
INSERT INTO BEASISWA_JENJANG (ID_BEA_JENJANG, ID_BEASISWA, ID_JENJANG) VALUES
('BJ68', 'B38', 'JJ1');
INSERT INTO BEASISWA_JENJANG (ID_BEA_JENJANG, ID_BEASISWA, ID_JENJANG) VALUES
('BJ69', 'B38', 'JJ4');
INSERT INTO BEASISWA_JENJANG (ID_BEA_JENJANG, ID_BEASISWA, ID_JENJANG) VALUES
('BJ70', 'B39', 'JJ1');
INSERT INTO BEASISWA_JENJANG (ID_BEA_JENJANG, ID_BEASISWA, ID_JENJANG) VALUES
('BJ71', 'B39', 'JJ4');
INSERT INTO BEASISWA_JENJANG (ID_BEA_JENJANG, ID_BEASISWA, ID_JENJANG) VALUES
('BJ72', 'B40', 'JJ1');
INSERT INTO BEASISWA_JENJANG (ID_BEA_JENJANG, ID_BEASISWA, ID_JENJANG) VALUES
('BJ73', 'B40', 'JJ4');

INSERT INTO BEASISWA_JENJANG (ID_BEA_JENJANG, ID_BEASISWA, ID_JENJANG) VALUES 
('BJ74', 'B41', 'JJ2');
INSERT INTO BEASISWA_JENJANG (ID_BEA_JENJANG, ID_BEASISWA, ID_JENJANG) VALUES
('BJ75', 'B42', 'JJ2');
INSERT INTO BEASISWA_JENJANG (ID_BEA_JENJANG, ID_BEASISWA, ID_JENJANG) VALUES
('BJ76', 'B43', 'JJ2');
INSERT INTO BEASISWA_JENJANG (ID_BEA_JENJANG, ID_BEASISWA, ID_JENJANG) VALUES
('BJ77', 'B44', 'JJ2');
INSERT INTO BEASISWA_JENJANG (ID_BEA_JENJANG, ID_BEASISWA, ID_JENJANG) VALUES
('BJ78', 'B45', 'JJ2');
INSERT INTO BEASISWA_JENJANG (ID_BEA_JENJANG, ID_BEASISWA, ID_JENJANG) VALUES
('BJ79', 'B46', 'JJ2');
INSERT INTO BEASISWA_JENJANG (ID_BEA_JENJANG, ID_BEASISWA, ID_JENJANG) VALUES
('BJ80', 'B47', 'JJ2');
INSERT INTO BEASISWA_JENJANG (ID_BEA_JENJANG, ID_BEASISWA, ID_JENJANG) VALUES
('BJ81', 'B48', 'JJ2');
INSERT INTO BEASISWA_JENJANG (ID_BEA_JENJANG, ID_BEASISWA, ID_JENJANG) VALUES
('BJ82', 'B49', 'JJ2');
INSERT INTO BEASISWA_JENJANG (ID_BEA_JENJANG, ID_BEASISWA, ID_JENJANG) VALUES
('BJ83', 'B50', 'JJ2');


-- Tabel Beasiswa dan Negara
INSERT INTO BEASISWA_NEGARA (ID_DETAIL_BEASISWA, ID_BEASISWA, ID_NEGARA) VALUES
('BN1','B1','NG1');
INSERT INTO BEASISWA_NEGARA (ID_DETAIL_BEASISWA, ID_BEASISWA, ID_NEGARA) VALUES
('BN2','B2','NG2');
INSERT INTO BEASISWA_NEGARA (ID_DETAIL_BEASISWA, ID_BEASISWA, ID_NEGARA) VALUES
('BN3','B3','NG3');
INSERT INTO BEASISWA_NEGARA (ID_DETAIL_BEASISWA, ID_BEASISWA, ID_NEGARA) VALUES
('BN4','B4','NG4');
INSERT INTO BEASISWA_NEGARA (ID_DETAIL_BEASISWA, ID_BEASISWA, ID_NEGARA) VALUES
('BN5','B5','NG5');
INSERT INTO BEASISWA_NEGARA (ID_DETAIL_BEASISWA, ID_BEASISWA, ID_NEGARA) VALUES
('BN6','B6','NG6');
INSERT INTO BEASISWA_NEGARA (ID_DETAIL_BEASISWA, ID_BEASISWA, ID_NEGARA) VALUES
('BN7','B7','NG7');
INSERT INTO BEASISWA_NEGARA (ID_DETAIL_BEASISWA, ID_BEASISWA, ID_NEGARA) VALUES
('BN8','B8','NG8');
INSERT INTO BEASISWA_NEGARA (ID_DETAIL_BEASISWA, ID_BEASISWA, ID_NEGARA) VALUES
('BN9','B9','NG9');
INSERT INTO BEASISWA_NEGARA (ID_DETAIL_BEASISWA, ID_BEASISWA, ID_NEGARA) VALUES
('BN10','B10','NG10');

INSERT INTO BEASISWA_NEGARA (ID_DETAIL_BEASISWA, ID_BEASISWA, ID_NEGARA) VALUES 
('BN11', 'B11', 'NG1');
INSERT INTO BEASISWA_NEGARA (ID_DETAIL_BEASISWA, ID_BEASISWA, ID_NEGARA) VALUES 
('BN12', 'B12', 'NG1');
INSERT INTO BEASISWA_NEGARA (ID_DETAIL_BEASISWA, ID_BEASISWA, ID_NEGARA) VALUES 
('BN13', 'B13', 'NG1');
INSERT INTO BEASISWA_NEGARA (ID_DETAIL_BEASISWA, ID_BEASISWA, ID_NEGARA) VALUES 
('BN14', 'B14', 'NG1');
INSERT INTO BEASISWA_NEGARA (ID_DETAIL_BEASISWA, ID_BEASISWA, ID_NEGARA) VALUES 
('BN15', 'B15', 'NG1');
INSERT INTO BEASISWA_NEGARA (ID_DETAIL_BEASISWA, ID_BEASISWA, ID_NEGARA) VALUES 
('BN16', 'B16', 'NG1');
INSERT INTO BEASISWA_NEGARA (ID_DETAIL_BEASISWA, ID_BEASISWA, ID_NEGARA) VALUES 
('BN17', 'B17', 'NG1');
INSERT INTO BEASISWA_NEGARA (ID_DETAIL_BEASISWA, ID_BEASISWA, ID_NEGARA) VALUES 
('BN18', 'B18', 'NG1');
INSERT INTO BEASISWA_NEGARA (ID_DETAIL_BEASISWA, ID_BEASISWA, ID_NEGARA) VALUES 
('BN19', 'B19', 'NG1');
INSERT INTO BEASISWA_NEGARA (ID_DETAIL_BEASISWA, ID_BEASISWA, ID_NEGARA) VALUES 
('BN20', 'B20', 'NG1');

INSERT INTO BEASISWA_NEGARA (ID_DETAIL_BEASISWA, ID_BEASISWA, ID_NEGARA) VALUES 
('BN21', 'B21', 'NG1');
INSERT INTO BEASISWA_NEGARA (ID_DETAIL_BEASISWA, ID_BEASISWA, ID_NEGARA) VALUES 
('BN22', 'B21', 'NG11');
INSERT INTO BEASISWA_NEGARA (ID_DETAIL_BEASISWA, ID_BEASISWA, ID_NEGARA) VALUES 
('BN23', 'B21', 'NG12');
INSERT INTO BEASISWA_NEGARA (ID_DETAIL_BEASISWA, ID_BEASISWA, ID_NEGARA) VALUES 
('BN24', 'B22', 'NG13');
INSERT INTO BEASISWA_NEGARA (ID_DETAIL_BEASISWA, ID_BEASISWA, ID_NEGARA) VALUES 
('BN25', 'B22', 'NG14');
INSERT INTO BEASISWA_NEGARA (ID_DETAIL_BEASISWA, ID_BEASISWA, ID_NEGARA) VALUES 
('BN26', 'B23', 'NG15');
INSERT INTO BEASISWA_NEGARA (ID_DETAIL_BEASISWA, ID_BEASISWA, ID_NEGARA) VALUES 
('BN27', 'B23', 'NG16');
INSERT INTO BEASISWA_NEGARA (ID_DETAIL_BEASISWA, ID_BEASISWA, ID_NEGARA) VALUES 
('BN28', 'B24', 'NG17');
INSERT INTO BEASISWA_NEGARA (ID_DETAIL_BEASISWA, ID_BEASISWA, ID_NEGARA) VALUES 
('BN29', 'B24', 'NG18');
INSERT INTO BEASISWA_NEGARA (ID_DETAIL_BEASISWA, ID_BEASISWA, ID_NEGARA) VALUES 
('BN30', 'B25', 'NG19');
INSERT INTO BEASISWA_NEGARA (ID_DETAIL_BEASISWA, ID_BEASISWA, ID_NEGARA) VALUES 
('BN31', 'B25', 'NG20');
INSERT INTO BEASISWA_NEGARA (ID_DETAIL_BEASISWA, ID_BEASISWA, ID_NEGARA) VALUES 
('BN32', 'B26', 'NG19');
INSERT INTO BEASISWA_NEGARA (ID_DETAIL_BEASISWA, ID_BEASISWA, ID_NEGARA) VALUES 
('BN33', 'B26', 'NG20');
INSERT INTO BEASISWA_NEGARA (ID_DETAIL_BEASISWA, ID_BEASISWA, ID_NEGARA) VALUES 
('BN34', 'B27', 'NG17');
INSERT INTO BEASISWA_NEGARA (ID_DETAIL_BEASISWA, ID_BEASISWA, ID_NEGARA) VALUES 
('BN35', 'B27', 'NG18');
INSERT INTO BEASISWA_NEGARA (ID_DETAIL_BEASISWA, ID_BEASISWA, ID_NEGARA) VALUES 
('BN36', 'B27', 'NG1');
INSERT INTO BEASISWA_NEGARA (ID_DETAIL_BEASISWA, ID_BEASISWA, ID_NEGARA) VALUES 
('BN37', 'B28', 'NG12');
INSERT INTO BEASISWA_NEGARA (ID_DETAIL_BEASISWA, ID_BEASISWA, ID_NEGARA) VALUES 
('BN38', 'B28', 'NG13');
INSERT INTO BEASISWA_NEGARA (ID_DETAIL_BEASISWA, ID_BEASISWA, ID_NEGARA) VALUES 
('BN39', 'B29', 'NG16');
INSERT INTO BEASISWA_NEGARA (ID_DETAIL_BEASISWA, ID_BEASISWA, ID_NEGARA) VALUES 
('BN40', 'B29', 'NG17');
INSERT INTO BEASISWA_NEGARA (ID_DETAIL_BEASISWA, ID_BEASISWA, ID_NEGARA) VALUES 
('BN41', 'B30', 'NG14');
INSERT INTO BEASISWA_NEGARA (ID_DETAIL_BEASISWA, ID_BEASISWA, ID_NEGARA) VALUES 
('BN42', 'B30', 'NG15');


INSERT INTO BEASISWA_NEGARA (ID_DETAIL_BEASISWA, ID_BEASISWA, ID_NEGARA) VALUES 
('BN43', 'B31', 'NG1');
INSERT INTO BEASISWA_NEGARA (ID_DETAIL_BEASISWA, ID_BEASISWA, ID_NEGARA) VALUES 
('BN44', 'B31', 'NG15');
INSERT INTO BEASISWA_NEGARA (ID_DETAIL_BEASISWA, ID_BEASISWA, ID_NEGARA) VALUES 
('BN45', 'B32', 'NG15');
INSERT INTO BEASISWA_NEGARA (ID_DETAIL_BEASISWA, ID_BEASISWA, ID_NEGARA) VALUES 
('BN46', 'B32', 'NG16');
INSERT INTO BEASISWA_NEGARA (ID_DETAIL_BEASISWA, ID_BEASISWA, ID_NEGARA) VALUES 
('BN47', 'B32', 'NG17');
INSERT INTO BEASISWA_NEGARA (ID_DETAIL_BEASISWA, ID_BEASISWA, ID_NEGARA) VALUES 
('BN48', 'B32', 'NG18');
INSERT INTO BEASISWA_NEGARA (ID_DETAIL_BEASISWA, ID_BEASISWA, ID_NEGARA) VALUES 
('BN49', 'B32', 'NG19');
INSERT INTO BEASISWA_NEGARA (ID_DETAIL_BEASISWA, ID_BEASISWA, ID_NEGARA) VALUES 
('BN50', 'B32', 'NG20');
INSERT INTO BEASISWA_NEGARA (ID_DETAIL_BEASISWA, ID_BEASISWA, ID_NEGARA) VALUES 
('BN51', 'B33', 'NG18');
INSERT INTO BEASISWA_NEGARA (ID_DETAIL_BEASISWA, ID_BEASISWA, ID_NEGARA) VALUES 
('BN52', 'B33', 'NG19');
INSERT INTO BEASISWA_NEGARA (ID_DETAIL_BEASISWA, ID_BEASISWA, ID_NEGARA) VALUES 
('BN53', 'B33', 'NG20');
INSERT INTO BEASISWA_NEGARA (ID_DETAIL_BEASISWA, ID_BEASISWA, ID_NEGARA) VALUES 
('BN54', 'B34', 'NG15');
INSERT INTO BEASISWA_NEGARA (ID_DETAIL_BEASISWA, ID_BEASISWA, ID_NEGARA) VALUES 
('BN55', 'B34', 'NG16');
INSERT INTO BEASISWA_NEGARA (ID_DETAIL_BEASISWA, ID_BEASISWA, ID_NEGARA) VALUES 
('BN56', 'B35', 'NG17');
INSERT INTO BEASISWA_NEGARA (ID_DETAIL_BEASISWA, ID_BEASISWA, ID_NEGARA) VALUES 
('BN57', 'B35', 'NG20');
INSERT INTO BEASISWA_NEGARA (ID_DETAIL_BEASISWA, ID_BEASISWA, ID_NEGARA) VALUES 
('BN58', 'B36', 'NG16');
INSERT INTO BEASISWA_NEGARA (ID_DETAIL_BEASISWA, ID_BEASISWA, ID_NEGARA) VALUES 
('BN59', 'B36', 'NG18');
INSERT INTO BEASISWA_NEGARA (ID_DETAIL_BEASISWA, ID_BEASISWA, ID_NEGARA) VALUES 
('BN60', 'B37', 'NG15');
INSERT INTO BEASISWA_NEGARA (ID_DETAIL_BEASISWA, ID_BEASISWA, ID_NEGARA) VALUES 
('BN61', 'B37', 'NG18');
INSERT INTO BEASISWA_NEGARA (ID_DETAIL_BEASISWA, ID_BEASISWA, ID_NEGARA) VALUES 
('BN62', 'B38', 'NG16');
INSERT INTO BEASISWA_NEGARA (ID_DETAIL_BEASISWA, ID_BEASISWA, ID_NEGARA) VALUES 
('BN63', 'B38', 'NG20');
INSERT INTO BEASISWA_NEGARA (ID_DETAIL_BEASISWA, ID_BEASISWA, ID_NEGARA) VALUES 
('BN64', 'B39', 'NG18');
INSERT INTO BEASISWA_NEGARA (ID_DETAIL_BEASISWA, ID_BEASISWA, ID_NEGARA) VALUES 
('BN65', 'B39', 'NG19');
INSERT INTO BEASISWA_NEGARA (ID_DETAIL_BEASISWA, ID_BEASISWA, ID_NEGARA) VALUES 
('BN66', 'B40', 'NG17');
INSERT INTO BEASISWA_NEGARA (ID_DETAIL_BEASISWA, ID_BEASISWA, ID_NEGARA) VALUES 
('BN67', 'B40', 'NG20');

INSERT INTO BEASISWA_NEGARA (ID_DETAIL_BEASISWA, ID_BEASISWA, ID_NEGARA) VALUES 
('BN68', 'B41', 'NG1');
INSERT INTO BEASISWA_NEGARA (ID_DETAIL_BEASISWA, ID_BEASISWA, ID_NEGARA) VALUES
('BN69', 'B42', 'NG1');
INSERT INTO BEASISWA_NEGARA (ID_DETAIL_BEASISWA, ID_BEASISWA, ID_NEGARA) VALUES
('BN70', 'B43', 'NG1');
INSERT INTO BEASISWA_NEGARA (ID_DETAIL_BEASISWA, ID_BEASISWA, ID_NEGARA) VALUES
('BN71', 'B44', 'NG1');
INSERT INTO BEASISWA_NEGARA (ID_DETAIL_BEASISWA, ID_BEASISWA, ID_NEGARA) VALUES
('BN72', 'B45', 'NG1');
INSERT INTO BEASISWA_NEGARA (ID_DETAIL_BEASISWA, ID_BEASISWA, ID_NEGARA) VALUES
('BN73', 'B46', 'NG1');
INSERT INTO BEASISWA_NEGARA (ID_DETAIL_BEASISWA, ID_BEASISWA, ID_NEGARA) VALUES
('BN74', 'B47', 'NG1');
INSERT INTO BEASISWA_NEGARA (ID_DETAIL_BEASISWA, ID_BEASISWA, ID_NEGARA) VALUES
('BN75', 'B48', 'NG1');
INSERT INTO BEASISWA_NEGARA (ID_DETAIL_BEASISWA, ID_BEASISWA, ID_NEGARA) VALUES
('BN76', 'B49', 'NG1');
INSERT INTO BEASISWA_NEGARA (ID_DETAIL_BEASISWA, ID_BEASISWA, ID_NEGARA) VALUES
('BN77', 'B50', 'NG1');